election_id,voter_id,project_id
2,80837,731
2,80837,921
2,80837,2183
2,80837,192
2,80837,1889
2,80837,1827
2,80837,1347
2,80837,1187
2,4056,1211
2,4056,2141
2,4056,731
2,4056,433
2,4056,1187
2,30770,76
2,30770,433
2,30770,2083
2,30770,192
2,30770,193
2,30770,1905
2,30770,2121
2,30770,191
2,3882,1211
2,3882,433
2,3882,2109
2,3882,1905
2,3882,1187
2,3882,191
2,34625,1211
2,34625,921
2,34625,191
2,34625,1213
2,25279,1211
2,25279,2141
2,25279,76
2,25279,433
2,25279,2083
2,25279,192
2,25279,1889
2,25279,2220
2,25279,193
2,25279,1827
2,25279,2121
2,3396,1211
2,3396,2141
2,3396,731
2,3396,76
2,3396,1356
2,3396,2083
2,3396,192
2,3396,1889
2,3396,1827
2,3396,1347
2,3396,1187
2,3396,2074
2,645,1211
2,9388,2141
2,9388,433
2,9388,192
2,9388,193
2,9388,2092
2,9388,2121
2,9388,191
2,56432,1211
2,48876,1211
2,48876,731
2,48876,76
2,48876,2183
2,48876,433
2,48876,192
2,48876,1889
2,48876,193
2,48876,2109
2,48876,1347
2,48876,1905
2,9413,1211
2,9413,2141
2,9413,731
2,9413,76
2,9413,1356
2,9413,921
2,9413,2183
2,9413,2083
2,9413,1889
2,9413,1827
2,9413,1187
2,9413,2092
2,24184,1211
2,24184,731
2,24184,76
2,24184,2183
2,24184,433
2,24184,192
2,24184,193
2,24184,1347
2,24184,1187
2,24184,2092
2,24184,1213
2,3117,731
2,3117,1356
2,3117,921
2,28957,731
2,65366,2141
2,65366,76
2,65366,921
2,65366,2083
2,65366,1889
2,65366,2109
2,65366,1905
2,528,1211
2,528,2141
2,528,76
2,528,1356
2,528,921
2,528,433
2,528,2083
2,528,192
2,528,2220
2,528,2092
2,528,2121
2,36689,2141
2,36689,731
2,36689,921
2,36689,2183
2,36689,433
2,36689,2083
2,36689,192
2,36689,2220
2,36689,193
2,36689,1827
2,36689,2109
2,36689,1347
2,36689,2074
2,36689,2121
2,42795,76
2,42795,2083
2,42795,1889
2,42795,2220
2,42795,2109
2,42795,1905
2,25991,731
2,25991,1356
2,25991,921
2,25991,2183
2,25991,1889
2,25991,2220
2,25991,1827
2,25991,2109
2,25991,1905
2,25991,1187
2,25991,2121
2,25991,1213
2,31520,731
2,31520,921
2,31520,2183
2,31520,433
2,31520,2220
2,31520,1827
2,31520,1347
2,49020,1211
2,30373,2141
2,30373,731
2,30373,1356
2,30373,921
2,30373,2183
2,30373,433
2,30373,2083
2,30373,1889
2,30373,2220
2,30373,1905
2,30373,1187
2,30373,2092
2,42934,921
2,42934,2083
2,42934,192
2,42934,1889
2,42934,2220
2,42934,193
2,42934,2092
2,42934,2074
2,46240,2141
2,46240,731
2,46240,76
2,46240,1356
2,46240,921
2,46240,2183
2,46240,2083
2,46240,192
2,46240,1889
2,46240,2220
2,46240,193
2,46240,1827
2,46240,2109
2,46240,1905
2,46240,2092
2,46240,2074
2,46240,2121
2,44912,731
2,44912,76
2,44912,921
2,44912,2109
2,44912,1213
2,60441,433
2,13639,1211
2,13639,2141
2,13639,2183
2,13639,433
2,13639,193
2,13639,2109
2,13639,2074
2,13639,2121
2,28225,2141
2,28225,192
2,50746,1211
2,50746,2141
2,50746,731
2,50746,2183
2,50746,433
2,50746,2083
2,50746,2109
2,50746,2092
2,50746,2074
2,86478,1211
2,86478,731
2,86478,1356
2,86478,921
2,86478,1213
2,27740,1211
2,27740,2141
2,27740,731
2,27740,921
2,27740,2183
2,27740,2083
2,27740,192
2,27740,2109
2,27740,1187
2,4714,2141
2,4714,731
2,4714,1356
2,4714,921
2,4714,2183
2,4714,192
2,4714,193
2,4714,1347
2,4714,191
2,37241,1211
2,37241,2141
2,37241,731
2,37241,76
2,37241,1356
2,37241,921
2,37241,2183
2,37241,2083
2,37241,192
2,37241,1889
2,37241,2220
2,37241,1827
2,37241,1347
2,37241,1905
2,37241,2092
2,37241,191
2,62686,433
2,62686,192
2,62686,2121
2,62686,191
2,83447,2141
2,83447,731
2,83447,1356
2,83447,192
2,83447,193
2,83447,2092
2,83447,2121
2,16950,1211
2,16950,2141
2,16950,731
2,16950,76
2,16950,1356
2,16950,921
2,16950,2183
2,16950,2083
2,16950,192
2,16950,1889
2,16950,193
2,16950,1827
2,16950,1347
2,16950,1905
2,16950,2092
2,16950,2074
2,16950,191
2,19129,1211
2,74123,1211
2,74123,2141
2,74123,731
2,74123,2220
2,74123,2109
2,74123,1187
2,24143,1211
2,24143,2141
2,24143,731
2,24143,1356
2,24143,921
2,24143,2183
2,24143,433
2,24143,1187
2,41888,1211
2,41888,433
2,57329,2141
2,57329,731
2,24238,1211
2,24238,2141
2,24238,731
2,24238,1356
2,24238,921
2,24238,2083
2,24238,1827
2,24238,1905
2,32443,2109
2,85329,1211
2,85329,2141
2,85329,731
2,85329,76
2,85329,1356
2,85329,921
2,85329,2083
2,85329,192
2,85329,1889
2,85329,2220
2,85329,193
2,85329,1827
2,85329,1905
2,85329,2092
2,85329,2074
2,85329,191
2,37430,1211
2,37430,76
2,37430,1356
2,37430,2183
2,37430,1187
2,63051,193
2,63051,2121
2,3799,1211
2,3799,2141
2,3799,76
2,3799,1347
2,3799,1905
2,28893,1211
2,28893,2141
2,28893,731
2,28893,76
2,28893,1356
2,28893,2183
2,28893,2083
2,28893,1889
2,28893,2220
2,28893,193
2,28893,1905
2,28893,1187
2,28893,2092
2,28893,2074
2,28893,191
2,75624,1211
2,75624,731
2,75624,2183
2,75624,433
2,75624,2109
2,75624,1187
2,35803,1211
2,35803,2141
2,35803,76
2,35803,921
2,35803,2183
2,35803,192
2,35803,2109
2,35803,1347
2,35803,2092
2,35803,2121
2,57125,1211
2,57125,2141
2,57125,76
2,57125,921
2,57125,2183
2,57125,433
2,57125,192
2,57125,1889
2,57125,2220
2,57125,1347
2,57125,1905
2,57125,2121
2,20051,1211
2,20051,2141
2,20051,731
2,66108,1211
2,66108,2141
2,66108,76
2,66108,921
2,66108,2183
2,66108,433
2,66108,2083
2,66108,192
2,66108,1347
2,66108,1905
2,66108,1187
2,66108,2074
2,81211,1211
2,81211,2141
2,81211,731
2,81211,76
2,81211,1356
2,81211,921
2,81211,2183
2,81211,2083
2,81211,192
2,81211,1889
2,81211,2220
2,81211,193
2,81211,1827
2,81211,1347
2,81211,1905
2,81211,2092
2,81211,2074
2,43812,76
2,67244,2141
2,67244,2183
2,67244,2083
2,67244,1889
2,67244,2220
2,67244,1827
2,67244,2109
2,67244,1347
2,67244,1905
2,67244,2074
2,67244,2121
2,22539,1211
2,22539,1356
2,46783,1211
2,46783,2141
2,46783,731
2,46783,1356
2,46783,921
2,46783,2183
2,46783,2083
2,46783,1889
2,46783,2220
2,46783,193
2,46783,1827
2,46783,1187
2,46783,2092
2,21162,2141
2,21162,731
2,21162,76
2,21162,1356
2,21162,921
2,21162,2183
2,21162,2083
2,21162,192
2,21162,1889
2,21162,2220
2,21162,193
2,21162,1827
2,21162,1347
2,21162,1905
2,21162,2121
2,1416,1211
2,1416,1356
2,1416,921
2,1416,1187
2,502,2141
2,502,731
2,502,76
2,502,1356
2,502,921
2,502,2183
2,502,2083
2,502,192
2,502,1889
2,502,2220
2,502,2109
2,502,1347
2,502,2092
2,502,2074
2,502,2121
2,33037,2141
2,33037,1356
2,33037,192
2,48230,1211
2,56526,1211
2,56526,2141
2,56526,731
2,56526,921
2,56526,2183
2,56526,433
2,56526,2083
2,56526,193
2,56526,2109
2,82539,2141
2,82539,731
2,82539,76
2,82539,1356
2,82539,2183
2,82539,2083
2,82539,192
2,82539,1889
2,82539,2220
2,82539,1827
2,82539,1347
2,82539,1905
2,82539,2092
2,82539,2074
2,79434,2141
2,79434,76
2,79434,921
2,79434,2183
2,79434,433
2,79434,2083
2,79434,1889
2,79434,193
2,79434,2109
2,79434,1187
2,79434,2092
2,79434,2121
2,31972,1211
2,31972,2141
2,31972,731
2,31972,1356
2,31972,921
2,31972,2183
2,31972,2083
2,31972,1889
2,31972,2220
2,31972,2109
2,31972,2092
2,72257,2141
2,72257,731
2,72257,76
2,72257,1356
2,72257,921
2,72257,2183
2,72257,2083
2,72257,192
2,72257,1889
2,72257,2220
2,72257,193
2,72257,1827
2,72257,2109
2,72257,1347
2,72257,1905
2,72257,2092
2,72257,2074
2,72257,191
2,63437,2141
2,63437,2109
2,3300,1211
2,3300,2141
2,3300,731
2,3300,1356
2,3300,921
2,3300,2183
2,3300,2083
2,3300,192
2,3300,1889
2,3300,193
2,3300,1827
2,3300,1347
2,3300,1187
2,3300,2074
2,25747,2141
2,25747,731
2,25747,1356
2,25747,433
2,25747,192
2,25747,1827
2,25747,2109
2,35160,921
2,45589,1211
2,45589,2141
2,45589,76
2,45589,2183
2,45589,433
2,45589,2083
2,45589,192
2,45589,1889
2,45589,193
2,45589,1347
2,45589,1905
2,45589,2092
2,45589,2074
2,45589,2121
2,45589,191
2,65373,1211
2,65373,731
2,65373,76
2,65373,1356
2,65373,192
2,65373,1889
2,65373,2109
2,65373,1347
2,65373,1905
2,65373,2074
2,65373,2121
2,11869,192
2,11869,193
2,11869,191
2,9487,1211
2,9487,2141
2,9487,731
2,9487,76
2,9487,1356
2,9487,921
2,9487,2183
2,9487,2083
2,9487,192
2,9487,1889
2,9487,2220
2,9487,193
2,9487,1827
2,9487,1347
2,9487,1905
2,9487,2092
2,9487,2074
2,19536,1211
2,19536,2141
2,19536,76
2,19536,433
2,19536,193
2,19536,1905
2,19536,1187
2,19536,2121
2,42760,76
2,42760,2083
2,42760,193
2,42760,1905
2,42760,1187
2,47849,1211
2,47849,2141
2,47849,731
2,47849,1356
2,47849,2183
2,47849,1889
2,47849,1827
2,47849,2109
2,47849,1347
2,47849,2074
2,77485,731
2,77485,1356
2,77485,921
2,77485,2183
2,77485,1889
2,77485,2220
2,77485,1827
2,77485,2109
2,77485,1187
2,77485,2092
2,77485,2121
2,77485,1213
2,19421,76
2,19421,921
2,19421,192
2,19421,1889
2,19421,2109
2,19421,1347
2,19421,1187
2,19421,2092
2,19421,2074
2,19421,191
2,17409,1211
2,17409,2141
2,17409,731
2,17409,76
2,17409,1356
2,17409,921
2,17409,2183
2,17409,2083
2,17409,192
2,17409,193
2,17409,1347
2,17409,1905
2,17409,1187
2,17409,2092
2,17409,2074
2,25435,1211
2,25435,2141
2,25435,76
2,25435,1356
2,25435,2109
2,25435,1347
2,41351,1211
2,41351,2141
2,41351,731
2,41351,76
2,41351,1356
2,41351,2083
2,41351,1889
2,41351,2220
2,41351,1827
2,41351,1905
2,41351,1187
2,14906,2141
2,14906,731
2,14906,76
2,14906,921
2,14906,2183
2,14906,433
2,14906,2083
2,14906,1889
2,14906,2220
2,14906,1827
2,14906,2109
2,14906,1905
2,14906,2092
2,14906,191
2,49625,76
2,49625,192
2,49625,193
2,49625,1827
2,49625,2109
2,49625,2074
2,56671,1211
2,51941,76
2,51941,2220
2,51941,1827
2,21941,1211
2,21941,2141
2,21941,731
2,21941,921
2,21941,2183
2,21941,433
2,21941,2220
2,21941,193
2,21941,1187
2,21941,2074
2,21941,191
2,53840,1211
2,53840,2141
2,53840,76
2,53840,2183
2,53840,433
2,53840,2083
2,53840,192
2,53840,2220
2,53840,1827
2,53840,1905
2,53840,2121
2,79563,1211
2,79563,731
2,79563,76
2,79563,1356
2,79563,2183
2,79563,192
2,79563,1889
2,79563,193
2,79563,2109
2,79563,1905
2,79563,1187
2,87105,1211
2,87105,2141
2,87105,76
2,87105,1827
2,87105,2092
2,19945,1211
2,19945,2141
2,19945,1356
2,19945,921
2,19945,2183
2,19945,433
2,19945,2083
2,19945,192
2,19945,193
2,19945,1347
2,19945,2092
2,19945,2074
2,19945,191
2,19945,1213
2,40703,731
2,40703,76
2,41555,1211
2,41555,2141
2,41555,76
2,41555,2183
2,41555,192
2,41555,1889
2,41555,1827
2,41555,2109
2,41555,1347
2,41555,1905
2,41555,2092
2,29785,433
2,29785,191
2,47859,1211
2,47859,2141
2,47859,731
2,47859,76
2,47859,1356
2,47859,921
2,47859,2109
2,47859,2092
2,61497,1211
2,61497,2141
2,61497,731
2,61497,76
2,61497,1356
2,61497,921
2,61497,2083
2,61497,1827
2,61497,1905
2,61497,2092
2,85654,1211
2,85654,731
2,85654,1356
2,85654,1213
2,50405,1211
2,50405,2141
2,50405,731
2,50405,76
2,50405,1356
2,50405,921
2,50405,2183
2,50405,192
2,50405,1889
2,50405,193
2,50405,1827
2,50405,1347
2,50405,1905
2,50405,2074
2,50405,2121
2,13684,2141
2,13684,731
2,13684,1356
2,13684,921
2,13684,2083
2,13684,193
2,13684,2121
2,54933,2141
2,54933,731
2,54933,76
2,54933,1356
2,54933,921
2,54933,2183
2,54933,2083
2,54933,192
2,54933,1889
2,54933,193
2,54933,1827
2,54933,2109
2,54933,1347
2,54933,1905
2,54933,2092
2,54933,2074
2,54933,2121
2,19285,2141
2,19285,731
2,19285,76
2,19285,1356
2,19285,921
2,19285,2183
2,19285,2083
2,19285,192
2,19285,1889
2,19285,2220
2,19285,193
2,19285,1827
2,19285,2109
2,19285,1347
2,19285,2092
2,19285,2074
2,19285,2121
2,64104,1211
2,64104,731
2,64104,1356
2,64104,433
2,64104,1827
2,64104,1187
2,64104,2074
2,64104,1213
2,63632,433
2,63632,192
2,63632,2121
2,15795,2141
2,15795,731
2,15795,1356
2,15795,2183
2,15795,2083
2,15795,1827
2,15795,2109
2,15795,1187
2,15795,2074
2,15795,2121
2,15795,1213
2,25399,1211
2,25399,2141
2,25399,76
2,25399,921
2,25399,2183
2,25399,2083
2,25399,2220
2,25399,2109
2,25399,1347
2,25399,1905
2,25556,1211
2,25556,731
2,25556,76
2,25556,1356
2,25556,2183
2,25556,433
2,25556,192
2,25556,193
2,25556,1827
2,25556,1347
2,25556,2074
2,25556,2121
2,25556,191
2,36606,1211
2,36606,731
2,36606,76
2,36606,921
2,36606,2183
2,36606,433
2,36606,1889
2,36606,193
2,36606,1187
2,36606,2092
2,36606,1213
2,77273,1211
2,77273,76
2,77273,433
2,77273,192
2,77273,2074
2,57563,1211
2,57563,2141
2,57563,731
2,57563,76
2,57563,921
2,57563,2183
2,57563,433
2,57563,192
2,57563,1347
2,57563,1905
2,57563,2121
2,33608,1211
2,33608,2141
2,33608,76
2,33608,921
2,33608,433
2,33608,1187
2,33608,1213
2,60291,1211
2,60291,2141
2,60291,731
2,60291,1356
2,60291,1827
2,25295,1211
2,25295,433
2,25295,192
2,25295,2220
2,25295,193
2,25295,2109
2,25295,1905
2,25295,2121
2,41660,731
2,41660,1827
2,41660,1187
2,41660,1213
2,40165,1211
2,40165,2141
2,40165,731
2,40165,76
2,40165,1356
2,40165,921
2,40165,2183
2,40165,433
2,40165,2220
2,40165,1827
2,40165,2074
2,42993,1211
2,42993,2141
2,42993,76
2,42993,1356
2,42993,921
2,42993,2183
2,42993,2083
2,42993,1889
2,42993,2220
2,42993,193
2,42993,1827
2,42993,1187
2,42993,2092
2,41320,2141
2,41320,731
2,41320,76
2,41320,921
2,41320,2183
2,41320,2083
2,41320,192
2,41320,1889
2,41320,2220
2,41320,193
2,41320,1827
2,41320,2109
2,41320,1347
2,41320,1905
2,41320,2092
2,41320,2074
2,41320,2121
2,41320,191
2,22867,433
2,50766,2141
2,50766,1356
2,50766,921
2,50766,2183
2,50766,2083
2,50766,1889
2,50766,2220
2,50766,1827
2,50766,2109
2,50766,1347
2,50766,1905
2,50766,2074
2,50766,2121
2,82196,731
2,82196,1356
2,82196,192
2,82196,2220
2,82196,193
2,82196,1827
2,82196,1187
2,82196,2121
2,82196,191
2,37217,1211
2,48404,1211
2,48404,76
2,48404,1356
2,48404,921
2,48404,1889
2,48404,2109
2,48404,1905
2,48404,1187
2,43778,1211
2,43778,731
2,43778,921
2,43778,1889
2,43778,2220
2,43778,193
2,43778,1827
2,43778,2109
2,43778,1347
2,43778,1905
2,43778,2092
2,43778,191
2,72431,2141
2,72431,76
2,72431,1356
2,72431,921
2,72431,2183
2,72431,2083
2,72431,1889
2,72431,2220
2,72431,193
2,72431,1827
2,72431,2109
2,72431,1347
2,72431,1905
2,72431,1187
2,72431,2092
2,72431,2074
2,78407,2141
2,78407,731
2,78407,76
2,78407,1356
2,78407,921
2,78407,2183
2,78407,433
2,78407,2083
2,78407,192
2,78407,1889
2,78407,2220
2,78407,193
2,78407,1827
2,78407,1347
2,78407,1905
2,78407,2092
2,78407,2074
2,78407,2121
2,78407,191
2,36988,2141
2,36988,731
2,36988,76
2,36988,1356
2,36988,921
2,36988,2183
2,36988,2083
2,36988,1889
2,36988,2220
2,36988,1827
2,36988,2109
2,36988,1905
2,36988,1187
2,36988,2074
2,78899,2141
2,78899,1356
2,78899,921
2,78899,2183
2,78899,433
2,78899,2083
2,78899,192
2,78899,193
2,78899,2109
2,78899,1187
2,78899,2092
2,78899,2074
2,78899,2121
2,55195,1211
2,55195,2141
2,55195,731
2,55195,76
2,55195,2183
2,55195,433
2,55195,2083
2,55195,192
2,55195,1347
2,55195,1187
2,55195,2074
2,56157,1211
2,56157,2141
2,56157,2183
2,56157,433
2,56157,2083
2,56157,192
2,56157,193
2,56157,1827
2,56157,2121
2,56157,191
2,56157,1213
2,33963,433
2,33963,192
2,33963,193
2,33963,191
2,47670,2141
2,47670,731
2,47670,1356
2,47670,921
2,47670,2183
2,47670,433
2,47670,192
2,47670,1889
2,47670,2220
2,47670,193
2,47670,1827
2,47670,1905
2,47670,1187
2,47670,2092
2,47670,2074
2,47670,1213
2,28124,1211
2,28124,76
2,28124,193
2,28124,1347
2,28254,2220
2,28254,2109
2,28254,1213
2,84700,2141
2,84700,731
2,84700,76
2,84700,1356
2,84700,921
2,84700,2183
2,84700,433
2,84700,2083
2,84700,192
2,84700,1889
2,84700,193
2,84700,1827
2,84700,1347
2,84700,2092
2,84700,2121
2,84700,191
2,84700,1213
2,47985,1211
2,47985,2141
2,47985,731
2,47985,1356
2,47985,2183
2,47985,433
2,47985,2083
2,47985,192
2,47985,193
2,47985,1347
2,47985,1187
2,38033,1211
2,38033,731
2,38033,1356
2,38033,921
2,38033,2183
2,38033,2083
2,38033,192
2,38033,1889
2,38033,193
2,38033,1827
2,38033,1347
2,38033,1905
2,38033,2092
2,38033,2074
2,1220,1211
2,1220,2141
2,1220,1356
2,1220,921
2,1220,2183
2,1220,433
2,1220,2083
2,1220,192
2,1220,2220
2,1220,193
2,1220,1187
2,1220,2092
2,418,192
2,418,193
2,418,191
2,42639,1211
2,42639,2183
2,42639,433
2,42639,2083
2,42639,1889
2,42639,2220
2,42639,2109
2,42639,1347
2,42639,1905
2,42639,2092
2,42639,2074
2,42639,191
2,26800,1211
2,26800,2141
2,26800,76
2,26800,1356
2,26800,921
2,26800,2183
2,26800,433
2,26800,1889
2,26800,1905
2,26800,1187
2,26800,2074
2,79534,2141
2,79534,76
2,79534,921
2,79534,2183
2,79534,433
2,79534,2083
2,79534,1889
2,79534,193
2,79534,2109
2,79534,1187
2,79534,2092
2,79534,2121
2,82690,2141
2,82690,76
2,82690,921
2,82690,2183
2,82690,433
2,82690,2083
2,82690,1889
2,82690,2220
2,82690,193
2,82690,1827
2,82690,2109
2,82690,2092
2,82690,2121
2,82690,191
2,42196,1213
2,50854,1211
2,50854,2141
2,50854,1356
2,50854,921
2,50854,2183
2,50854,2083
2,50854,1889
2,50854,1187
2,50854,191
2,50854,1213
2,82998,2141
2,82998,76
2,82998,921
2,82998,2183
2,82998,433
2,82998,2083
2,82998,192
2,82998,2220
2,82998,193
2,82998,1827
2,82998,2109
2,82998,2092
2,82998,2074
2,82998,2121
2,82998,191
2,41459,1211
2,41459,2141
2,41459,1356
2,41459,2183
2,41459,433
2,41459,2083
2,41459,2220
2,41459,193
2,41459,2109
2,46722,191
2,7127,2141
2,7127,731
2,7127,76
2,7127,1356
2,7127,921
2,7127,2183
2,7127,433
2,7127,2083
2,7127,192
2,7127,1889
2,7127,2220
2,7127,193
2,7127,1827
2,7127,1347
2,7127,1905
2,7127,2092
2,7127,2074
2,7127,2121
2,7127,191
2,57609,1211
2,48908,2141
2,48908,731
2,48908,1356
2,48908,921
2,48908,2183
2,48908,2083
2,48908,1889
2,48908,193
2,48908,1827
2,48908,2109
2,48908,1347
2,48908,2092
2,48908,2121
2,48908,191
2,48908,1213
2,74321,731
2,74321,1187
2,74321,2121
2,74321,1213
2,50609,1211
2,50609,2141
2,50609,76
2,50609,2183
2,50609,433
2,50609,2109
2,50609,1905
2,50609,2092
2,20254,1211
2,20254,2141
2,20254,731
2,20254,76
2,20254,921
2,20254,2183
2,20254,2083
2,20254,192
2,20254,1889
2,20254,193
2,20254,1827
2,20254,1347
2,20254,2092
2,20254,2074
2,20254,2121
2,20254,191
2,48890,1211
2,3821,2141
2,3821,2109
2,79367,2141
2,79367,76
2,79367,921
2,79367,2183
2,79367,433
2,79367,2083
2,79367,192
2,79367,193
2,79367,2109
2,79367,1187
2,79367,2092
2,79367,2121
2,48407,1211
2,48407,433
2,45525,1211
2,45525,2141
2,45525,731
2,45525,1356
2,45525,921
2,45525,2183
2,45525,2083
2,45525,1889
2,45525,2220
2,45525,193
2,45525,1827
2,45525,1187
2,45525,2092
2,72230,2220
2,72230,1187
2,1490,1211
2,1490,1356
2,1490,921
2,77929,1211
2,77929,2141
2,77929,731
2,77929,1356
2,77929,921
2,77929,2183
2,77929,433
2,77929,192
2,77929,193
2,77929,1347
2,77929,2074
2,77929,2121
2,77929,191
2,37018,2109
2,37018,1347
2,37018,1187
2,62221,2141
2,62221,731
2,62221,76
2,62221,1356
2,62221,921
2,62221,2183
2,62221,2083
2,62221,192
2,62221,1889
2,62221,193
2,62221,1827
2,62221,2109
2,62221,1347
2,62221,1905
2,62221,2092
2,62221,2074
2,62221,2121
2,34480,2141
2,34480,731
2,34480,2220
2,11610,192
2,11610,193
2,11610,191
2,28684,2141
2,28684,76
2,28684,921
2,28684,2183
2,28684,1889
2,28684,1347
2,28684,2092
2,28684,2121
2,28684,1213
2,69426,921
2,74600,1211
2,74600,2141
2,74600,731
2,74600,76
2,74600,433
2,74600,2109
2,74600,2074
2,1209,1211
2,1209,2141
2,1209,2183
2,1209,2109
2,1209,1187
2,1209,1213
2,48013,731
2,48013,2183
2,48013,1827
2,48013,2109
2,48013,1187
2,48013,2121
2,54531,731
2,57195,1211
2,57195,2141
2,57195,731
2,57195,76
2,57195,1356
2,57195,921
2,57195,2183
2,57195,1889
2,57195,2220
2,57195,193
2,57195,2109
2,34562,731
2,34562,76
2,34562,1356
2,34562,921
2,34562,2183
2,34562,1889
2,34562,1347
2,34562,1905
2,34562,2074
2,54482,731
2,54482,1356
2,54482,921
2,19168,76
2,19168,2220
2,27865,2141
2,27865,731
2,27865,76
2,27865,921
2,27865,2083
2,27865,1827
2,27865,2109
2,27865,1905
2,34088,2141
2,34088,731
2,34088,76
2,34088,1356
2,34088,921
2,34088,433
2,34088,2083
2,34088,192
2,34088,1889
2,34088,193
2,34088,1347
2,34088,1905
2,34088,2092
2,34088,2121
2,34088,191
2,34088,1213
2,25594,731
2,25594,1356
2,25594,921
2,25594,2220
2,58377,731
2,58377,76
2,58377,1356
2,58377,921
2,58377,2183
2,58377,2083
2,58377,192
2,58377,1889
2,58377,2220
2,58377,193
2,58377,1347
2,58377,2092
2,58377,2074
2,58377,191
2,52909,1211
2,52909,1827
2,52548,1211
2,52548,1356
2,52548,192
2,52548,1889
2,52548,2220
2,52548,1827
2,40788,1211
2,40788,76
2,40788,2183
2,40788,1889
2,40788,2220
2,40788,1827
2,40788,2109
2,40788,1347
2,40788,1905
2,40788,1213
2,24416,1211
2,24416,76
2,24416,433
2,24416,192
2,24416,2109
2,24416,1187
2,24416,2074
2,22929,433
2,36650,1211
2,53417,1211
2,53417,731
2,53417,76
2,53417,1356
2,53417,921
2,53417,2183
2,53417,2083
2,53417,192
2,53417,1889
2,53417,2220
2,53417,193
2,53417,1827
2,53417,1347
2,53417,1905
2,53417,2092
2,53417,2074
2,53417,1213
2,41530,1211
2,41530,2141
2,41530,731
2,41530,76
2,41530,2083
2,41530,192
2,41530,1889
2,41530,2092
2,81498,1211
2,81498,2141
2,81498,731
2,81498,1356
2,81498,921
2,81498,2183
2,81498,433
2,81498,192
2,81498,193
2,81498,1347
2,81498,2074
2,81498,2121
2,81498,191
2,33313,1211
2,33313,2141
2,33313,731
2,59968,2141
2,59968,76
2,59968,2083
2,59968,1889
2,41000,1211
2,41000,731
2,41000,76
2,41000,921
2,41000,2083
2,41000,1889
2,41000,1827
2,65771,1211
2,65771,2141
2,65771,76
2,65771,921
2,65771,2183
2,65771,433
2,65771,2083
2,65771,192
2,65771,1347
2,65771,1905
2,65771,1187
2,65771,2074
2,13704,192
2,13704,193
2,13704,191
2,30010,1211
2,30010,2141
2,30010,731
2,30010,76
2,30010,1356
2,30010,433
2,30010,2220
2,30010,1347
2,30010,2121
2,22096,2141
2,22096,76
2,22096,433
2,22096,2083
2,22096,192
2,22096,193
2,22096,1347
2,22096,2121
2,22096,191
2,23884,1211
2,23884,76
2,23884,433
2,23884,1889
2,23884,2109
2,23884,1187
2,21850,1211
2,21850,2141
2,21850,731
2,21850,76
2,21850,1356
2,21850,921
2,21850,2183
2,21850,2083
2,21850,192
2,21850,1889
2,21850,2220
2,21850,193
2,21850,1827
2,21850,1347
2,21850,1905
2,21850,2092
2,21850,2074
2,64502,2141
2,64502,731
2,64502,76
2,64502,1356
2,64502,921
2,64502,2183
2,64502,433
2,64502,2083
2,64502,192
2,64502,1889
2,64502,193
2,64502,1347
2,64502,1905
2,64502,1187
2,64502,2092
2,64502,2074
2,64502,2121
2,64502,191
2,29500,731
2,29500,1356
2,29500,1889
2,29500,1827
2,29500,1187
2,29500,1213
2,36628,1211
2,36628,2141
2,36628,731
2,36628,1356
2,36628,921
2,36628,2183
2,36628,2083
2,36628,1889
2,36628,1827
2,36628,1347
2,36628,1187
2,38071,1211
2,38071,731
2,38071,1356
2,38071,921
2,38071,2183
2,38071,2083
2,38071,192
2,38071,1889
2,38071,193
2,38071,1827
2,38071,1347
2,38071,1905
2,38071,2092
2,38071,2074
2,52206,2141
2,52206,731
2,52206,76
2,52206,1356
2,52206,921
2,52206,2183
2,52206,2083
2,52206,1889
2,52206,2220
2,52206,1827
2,52206,2109
2,52206,1347
2,52206,1905
2,52206,2092
2,52206,2074
2,52206,1213
2,62073,1211
2,62073,731
2,62073,76
2,62073,921
2,62073,2183
2,62073,1827
2,62073,2109
2,62073,1187
2,34789,731
2,34789,1356
2,34789,1187
2,86556,2141
2,86556,731
2,86556,76
2,86556,1356
2,86556,921
2,86556,2183
2,86556,433
2,86556,2083
2,86556,192
2,86556,1889
2,86556,2220
2,86556,193
2,86556,1827
2,86556,1347
2,86556,1905
2,86556,2092
2,86556,2074
2,86556,2121
2,86556,191
2,1781,1211
2,49756,2141
2,49756,731
2,49756,1356
2,49756,921
2,49756,2083
2,49756,1905
2,49756,2092
2,6949,1211
2,6949,2141
2,6949,731
2,6949,1356
2,6949,921
2,6949,192
2,6949,2109
2,30026,1211
2,30026,2141
2,30026,731
2,30026,76
2,30026,1356
2,30026,433
2,30026,2220
2,30026,1347
2,30026,2121
2,51549,1211
2,51549,2141
2,51549,731
2,51549,76
2,51549,1356
2,51549,921
2,51549,2183
2,51549,2083
2,51549,192
2,51549,1889
2,51549,2220
2,51549,193
2,51549,1827
2,51549,1347
2,51549,2092
2,51549,2074
2,54468,1211
2,75671,1211
2,75671,2141
2,75671,731
2,75671,76
2,75671,1356
2,75671,921
2,75671,2183
2,75671,2083
2,75671,1889
2,75671,2220
2,75671,1827
2,75671,1347
2,75671,1905
2,75671,2092
2,75671,2074
2,58428,1211
2,58428,731
2,58428,76
2,58428,1905
2,80282,1211
2,18337,1211
2,18337,2141
2,18337,731
2,18337,76
2,18337,1356
2,18337,921
2,18337,2183
2,18337,2083
2,18337,193
2,18337,2109
2,18337,1905
2,18337,2092
2,50230,1211
2,50230,2141
2,50230,731
2,50230,76
2,50230,1356
2,50230,2183
2,50230,2220
2,50230,1827
2,50230,1347
2,50230,1213
2,46969,1187
2,46969,1213
2,11906,192
2,11906,193
2,11906,191
2,57145,1211
2,57145,731
2,57145,76
2,57145,1356
2,57145,2183
2,57145,433
2,57145,192
2,57145,2220
2,57145,2109
2,79610,2141
2,79610,731
2,79610,76
2,79610,1356
2,79610,921
2,79610,2183
2,79610,2083
2,79610,192
2,79610,1889
2,79610,2220
2,79610,193
2,79610,1827
2,79610,2109
2,79610,1347
2,79610,2092
2,79610,2074
2,79610,2121
2,76086,2074
2,80857,1211
2,80857,2141
2,80857,731
2,80857,1356
2,41738,2141
2,41738,731
2,41738,1356
2,41738,2183
2,41738,192
2,41738,1889
2,41738,1827
2,41738,1187
2,38872,1213
2,67194,1211
2,67194,2141
2,67194,1356
2,67194,921
2,67194,2183
2,67194,2083
2,67194,2220
2,67194,1827
2,67194,2109
2,67194,1347
2,54176,731
2,54176,1356
2,54176,1889
2,54176,1827
2,493,1211
2,493,2141
2,493,731
2,493,76
2,493,1356
2,493,2083
2,493,192
2,493,1347
2,493,1187
2,493,2092
2,493,2074
2,18327,1211
2,18327,2141
2,18327,76
2,18327,433
2,18327,192
2,18327,2220
2,18327,193
2,18327,1827
2,18327,1905
2,18327,2121
2,18327,191
2,67775,1211
2,67775,731
2,67775,76
2,67775,433
2,67775,2083
2,67775,1889
2,67775,2220
2,67775,2109
2,67775,2092
2,58659,1211
2,58659,2141
2,58659,76
2,58659,1356
2,58659,921
2,58659,2183
2,58659,433
2,58659,192
2,58659,193
2,58659,1347
2,58659,1905
2,58659,2121
2,58659,191
2,25842,1211
2,25842,2141
2,25842,731
2,25842,76
2,25842,1356
2,25842,2183
2,25842,2083
2,25842,1889
2,25842,2220
2,25842,193
2,25842,1347
2,25842,1905
2,25842,1187
2,25842,2092
2,48523,2141
2,48523,731
2,48523,76
2,48523,1356
2,48523,921
2,48523,2183
2,48523,433
2,48523,2083
2,48523,192
2,48523,1889
2,48523,2220
2,48523,193
2,48523,1827
2,48523,1347
2,48523,1905
2,48523,2092
2,48523,2074
2,48523,2121
2,48523,191
2,20192,731
2,20192,76
2,20192,1356
2,20192,921
2,20192,2183
2,20192,433
2,20192,2083
2,20192,192
2,20192,1889
2,20192,2109
2,20192,1347
2,20192,1905
2,20192,1187
2,20192,2092
2,20192,191
2,51781,76
2,51781,921
2,51781,2083
2,51781,2092
2,30669,2109
2,72929,2141
2,72929,731
2,72929,76
2,72929,192
2,72929,1187
2,80958,2141
2,80958,1889
2,80958,1827
2,80958,1187
2,80958,1213
2,6819,2141
2,6819,731
2,6819,76
2,6819,1356
2,6819,921
2,6819,2183
2,6819,433
2,6819,192
2,6819,2220
2,6819,193
2,6819,1347
2,6819,1905
2,6819,1187
2,6819,2092
2,6819,2074
2,6819,2121
2,6819,191
2,38050,1211
2,38050,731
2,38050,1356
2,38050,921
2,38050,2183
2,38050,2083
2,38050,192
2,38050,1889
2,38050,193
2,38050,1827
2,38050,1347
2,38050,1905
2,38050,2092
2,38050,2074
2,55156,1211
2,55156,2141
2,55156,731
2,55156,1356
2,55156,921
2,55156,2183
2,55156,433
2,55156,193
2,55156,1827
2,55156,2074
2,55156,1213
2,50561,2141
2,50561,731
2,50561,76
2,50561,1356
2,50561,921
2,50561,2183
2,50561,1889
2,50561,2220
2,50561,193
2,50561,1827
2,50561,2109
2,50561,1905
2,50561,1187
2,50561,2092
2,50561,2074
2,45899,2141
2,45899,76
2,45899,921
2,45899,2083
2,45899,192
2,45899,1827
2,14314,1211
2,14314,2141
2,14314,731
2,14314,76
2,14314,921
2,14314,2083
2,14314,192
2,14314,2220
2,14314,1187
2,14314,1213
2,7004,2141
2,7004,76
2,7004,2183
2,7004,1889
2,7004,2220
2,7004,2109
2,7004,1347
2,5740,1211
2,5740,1356
2,5740,433
2,5740,1889
2,5740,2109
2,5740,1187
2,70777,2141
2,70777,2083
2,70777,1889
2,70777,2109
2,70777,1905
2,59299,433
2,59299,192
2,59299,193
2,59299,191
2,59299,1213
2,9338,2141
2,9338,433
2,9338,192
2,9338,193
2,9338,2092
2,9338,2121
2,9338,191
2,18260,1211
2,18260,2141
2,18260,731
2,18260,76
2,18260,1356
2,18260,2220
2,18260,1827
2,18260,2092
2,18260,2074
2,18260,2121
2,40696,1211
2,40696,2141
2,40696,76
2,40696,2183
2,40696,2220
2,40696,2092
2,70542,2141
2,70542,731
2,70542,76
2,70542,1356
2,70542,921
2,70542,2183
2,70542,2083
2,70542,192
2,70542,1889
2,70542,2220
2,70542,193
2,70542,1827
2,70542,2109
2,70542,1347
2,70542,1905
2,70542,2092
2,70542,2074
2,70542,191
2,42169,1211
2,42169,731
2,42169,76
2,42169,1356
2,42169,921
2,42169,2183
2,42169,433
2,42169,1889
2,42169,2220
2,42169,1827
2,42169,1347
2,42169,1905
2,61636,2141
2,61636,731
2,61636,1356
2,61636,192
2,61636,193
2,61636,2092
2,61636,2121
2,48627,1211
2,48627,2141
2,48627,76
2,48627,2183
2,48627,433
2,48627,2083
2,48627,192
2,48627,1827
2,48627,1905
2,48627,1187
2,42216,1211
2,42216,2141
2,42216,1356
2,42216,2183
2,42216,2083
2,42216,1889
2,42216,1347
2,36604,2109
2,8875,1211
2,8875,731
2,8875,2109
2,8875,1187
2,8875,1213
2,26386,1211
2,26386,2141
2,26386,731
2,26386,1356
2,26386,921
2,26386,2083
2,26386,1889
2,26386,2220
2,26386,1827
2,26386,1905
2,41260,731
2,41260,76
2,41260,1356
2,41260,921
2,41260,2183
2,41260,433
2,41260,2083
2,41260,192
2,41260,1889
2,41260,2220
2,41260,193
2,41260,1827
2,41260,2109
2,41260,1347
2,41260,1905
2,41260,2092
2,41260,2074
2,41260,191
2,45228,731
2,45228,1356
2,45228,921
2,45228,1827
2,45228,1213
2,59494,1211
2,59494,76
2,59494,2183
2,40098,1211
2,40098,2141
2,40098,731
2,40098,76
2,40098,921
2,40098,433
2,40098,2083
2,40098,192
2,40098,1889
2,40098,1187
2,71720,1211
2,71720,2141
2,71720,731
2,71720,76
2,71720,921
2,71720,2183
2,71720,433
2,71720,192
2,71720,193
2,71720,1905
2,71720,2092
2,71720,2121
2,71720,191
2,35840,1211
2,35840,2141
2,35840,2183
2,35840,433
2,35840,2083
2,35840,1347
2,35840,2074
2,35840,1213
2,20238,1211
2,20238,2141
2,20238,2183
2,20238,1889
2,20238,2220
2,20238,1827
2,20238,2109
2,20238,1213
2,70210,433
2,70210,192
2,70210,193
2,70210,2121
2,70210,191
2,39014,1211
2,39014,1356
2,39014,433
2,39014,2083
2,39014,192
2,39014,1827
2,39014,1187
2,39014,2092
2,39014,1213
2,34581,1211
2,34581,2141
2,34581,731
2,34581,1356
2,34581,921
2,34581,2183
2,34581,2220
2,34581,1827
2,34581,2109
2,34109,2141
2,34109,731
2,34109,76
2,34109,1356
2,34109,921
2,34109,433
2,34109,192
2,34109,1889
2,34109,193
2,34109,1827
2,34109,1347
2,34109,1905
2,34109,2092
2,34109,2121
2,34109,191
2,34109,1213
2,38225,1211
2,38225,2141
2,38225,731
2,38225,1356
2,38225,2183
2,38225,433
2,38225,1827
2,38225,1187
2,23473,1211
2,42018,1211
2,42018,2141
2,42018,731
2,42018,1356
2,20418,2141
2,20418,731
2,20418,76
2,20418,1356
2,20418,921
2,20418,2183
2,20418,2083
2,20418,1889
2,20418,2220
2,20418,1827
2,20418,2109
2,20418,1347
2,20418,1905
2,20418,2092
2,20418,2074
2,20418,1213
2,77954,433
2,77954,192
2,77954,193
2,77954,2121
2,77954,191
2,86576,1211
2,86576,731
2,86576,1356
2,86576,1213
2,62193,1211
2,62193,731
2,62193,921
2,62193,2183
2,62193,1889
2,62193,1827
2,62193,2109
2,62193,1187
2,62193,2092
2,38924,1211
2,38924,2141
2,38924,731
2,38924,2183
2,38924,2083
2,38924,192
2,38924,2220
2,38924,2109
2,38924,1347
2,38924,1905
2,38924,2092
2,38924,2074
2,50566,1211
2,50566,1356
2,50566,1187
2,35417,2141
2,35417,731
2,35417,2083
2,35417,2220
2,35417,2109
2,42870,1211
2,42870,2141
2,42870,76
2,42870,921
2,42870,2183
2,42870,2083
2,42870,1889
2,42870,2220
2,42870,193
2,42870,2109
2,42870,1347
2,42870,2092
2,42870,2074
2,9514,1211
2,9514,2141
2,9514,731
2,9514,76
2,9514,921
2,9514,2183
2,9514,2083
2,9514,192
2,9514,1889
2,9514,1827
2,9514,1905
2,9514,1187
2,9514,2092
2,9514,2074
2,25552,1211
2,25552,433
2,25552,2220
2,25552,2109
2,25552,1187
2,25552,191
2,53173,1211
2,53173,2141
2,53173,731
2,53173,76
2,53173,1356
2,53173,921
2,53173,2183
2,53173,192
2,53173,2109
2,53173,1905
2,53173,2092
2,53173,2074
2,44159,731
2,26472,1211
2,26472,2141
2,26472,76
2,26472,1356
2,26472,921
2,26472,2183
2,26472,192
2,26472,1827
2,26472,2109
2,26472,1347
2,74054,2141
2,74054,731
2,74054,1356
2,74054,2183
2,74054,433
2,74054,2083
2,74054,2220
2,74054,1827
2,74054,1187
2,74054,2074
2,74054,2121
2,74054,191
2,74054,1213
2,75126,731
2,75126,76
2,75126,2109
2,75126,1187
2,75126,2121
2,41810,1211
2,41810,2141
2,41810,731
2,41810,1356
2,41810,2083
2,41810,2109
2,41810,1187
2,68699,1211
2,68699,2141
2,68699,731
2,68699,76
2,68699,921
2,68699,2183
2,68699,2083
2,68699,1889
2,68699,193
2,68699,1827
2,68699,1347
2,68699,1187
2,68699,2092
2,6326,1211
2,6326,433
2,6326,1187
2,6326,191
2,9488,1211
2,9488,2141
2,9488,76
2,9488,1356
2,9488,921
2,9488,2183
2,9488,2083
2,9488,1889
2,9488,193
2,9488,1827
2,9488,1347
2,9488,1187
2,9488,2092
2,9488,2074
2,25029,921
2,25029,433
2,25029,192
2,25029,2220
2,25029,193
2,25029,2109
2,25029,2074
2,25029,2121
2,25029,191
2,62283,1211
2,62283,731
2,62283,76
2,62283,1356
2,62283,2183
2,62283,2083
2,62283,192
2,62283,1889
2,62283,2220
2,62283,1347
2,62283,1905
2,62283,1187
2,62283,2092
2,62283,1213
2,70322,433
2,70322,192
2,70322,2121
2,70322,191
2,81946,1211
2,81946,2141
2,81946,731
2,81946,76
2,81946,2183
2,81946,433
2,81946,1827
2,81946,1187
2,15146,2141
2,15146,76
2,15146,433
2,15146,2083
2,15146,192
2,15146,1889
2,15146,193
2,15146,1905
2,15146,2074
2,15146,2121
2,15146,191
2,67030,731
2,67030,1356
2,67030,921
2,67030,2083
2,67030,192
2,67030,193
2,67030,2109
2,67030,1347
2,32247,2109
2,57944,1211
2,57944,2141
2,57944,1356
2,57944,2183
2,57944,1889
2,57944,2220
2,57944,193
2,57944,1827
2,57944,2109
2,57944,1347
2,57944,1905
2,25349,1211
2,25349,76
2,25349,433
2,25349,192
2,25349,2220
2,25349,1347
2,25349,2092
2,25349,2121
2,42766,1211
2,42766,731
2,42766,921
2,42766,433
2,42766,2109
2,42766,2121
2,42766,191
2,25152,2141
2,25152,731
2,25152,433
2,25152,2220
2,25152,193
2,25152,2121
2,25152,191
2,70367,433
2,70367,192
2,70367,193
2,70367,191
2,68914,2141
2,68914,731
2,68914,76
2,68914,1356
2,68914,921
2,68914,2183
2,68914,433
2,68914,2083
2,68914,192
2,68914,1889
2,68914,2220
2,68914,193
2,68914,1827
2,68914,1347
2,68914,1905
2,68914,2092
2,68914,2074
2,68914,2121
2,68914,191
2,366,1211
2,366,2141
2,366,76
2,366,921
2,366,2183
2,366,2083
2,366,1889
2,366,1827
2,366,2109
2,366,1347
2,366,1905
2,5465,1211
2,5465,731
2,5465,76
2,5465,921
2,5465,2183
2,5465,1889
2,5465,1347
2,21916,1211
2,21916,2141
2,21916,731
2,21916,921
2,21916,2183
2,21916,433
2,21916,2220
2,21916,193
2,21916,1187
2,21916,191
2,47780,1211
2,47780,2141
2,47780,731
2,47780,76
2,47780,1356
2,47780,921
2,47780,1827
2,47780,1905
2,56787,2141
2,56787,731
2,56787,76
2,56787,1356
2,56787,921
2,56787,2183
2,56787,433
2,56787,2083
2,56787,192
2,56787,1889
2,56787,2220
2,56787,1827
2,56787,2109
2,56787,1905
2,25773,433
2,25773,192
2,25773,2220
2,25773,193
2,25773,2121
2,25773,191
2,59558,2141
2,59558,1356
2,59558,2220
2,59558,2109
2,60652,731
2,60652,1356
2,60652,433
2,60652,1889
2,60652,1827
2,60652,2109
2,60652,1187
2,60652,191
2,60652,1213
2,36755,1211
2,36755,731
2,36755,76
2,36755,921
2,36755,2183
2,36755,1827
2,36755,2109
2,36755,1187
2,3128,433
2,3128,193
2,3128,2121
2,3128,191
2,53702,1211
2,53702,2141
2,53702,731
2,53702,76
2,53702,1356
2,53702,921
2,53702,2183
2,53702,1889
2,53702,2220
2,53702,193
2,53702,1347
2,53702,1187
2,53702,2092
2,53702,2074
2,40615,2109
2,86190,1211
2,86190,731
2,86190,76
2,86190,2183
2,86190,2220
2,51680,1211
2,51680,2141
2,74627,2141
2,74627,76
2,74627,1356
2,74627,2183
2,74627,2083
2,74627,1889
2,74627,2220
2,74627,193
2,74627,1827
2,74627,2109
2,74627,1347
2,74627,1187
2,74627,2121
2,27856,1211
2,27856,2141
2,27856,731
2,27856,76
2,27856,433
2,27856,2083
2,27856,192
2,27856,1889
2,27856,2220
2,27856,1213
2,67206,1211
2,67206,2141
2,67206,731
2,67206,1356
2,67206,2183
2,67206,2083
2,67206,192
2,67206,2109
2,67206,2074
2,67206,1213
2,55170,2141
2,55170,731
2,55170,2220
2,49855,1211
2,49855,731
2,49855,76
2,49855,1356
2,49855,921
2,49855,1827
2,49855,1187
2,28087,1211
2,28087,2141
2,28087,731
2,28087,1356
2,28087,2183
2,28087,433
2,28087,2083
2,28087,192
2,28087,1889
2,28087,2220
2,28087,193
2,28087,2074
2,28087,2121
2,72572,1211
2,2308,2141
2,2308,731
2,2308,76
2,2308,921
2,2308,2183
2,2308,433
2,2308,1889
2,2308,2220
2,2308,193
2,2308,1827
2,2308,1905
2,2308,1187
2,2308,2092
2,2308,1213
2,11885,192
2,11885,193
2,11885,191
2,77961,1211
2,77961,2141
2,77961,731
2,77961,1356
2,77961,921
2,77961,433
2,77961,192
2,77961,193
2,77961,1347
2,77961,2074
2,77961,2121
2,77961,191
2,33868,2141
2,33868,921
2,33868,2083
2,33868,1889
2,33868,2092
2,11604,433
2,11604,1187
2,11604,191
2,42417,1213
2,6731,1211
2,6731,2141
2,6731,731
2,6731,1356
2,6731,921
2,6731,2183
2,6731,2083
2,6731,192
2,6731,1827
2,6731,1347
2,6731,1905
2,6731,1187
2,6731,191
2,44117,2141
2,44117,731
2,44117,76
2,44117,1356
2,44117,921
2,44117,2183
2,44117,433
2,44117,2083
2,44117,1889
2,44117,2220
2,44117,1827
2,44117,2109
2,44117,2092
2,44117,2074
2,30729,2141
2,30729,731
2,30729,1356
2,30729,433
2,30729,2083
2,30729,2109
2,30729,1347
2,30729,1187
2,30729,2121
2,25122,1211
2,25122,76
2,25122,433
2,25122,192
2,25122,2220
2,25122,193
2,25122,1347
2,25122,2121
2,25122,191
2,70281,433
2,70281,192
2,70281,2121
2,70281,191
2,47742,2141
2,47742,731
2,47742,2220
2,21542,1211
2,21542,2141
2,21542,731
2,21542,1356
2,21542,921
2,21542,2183
2,21542,2083
2,21542,192
2,21542,1827
2,21542,2109
2,21542,2074
2,6406,1211
2,10443,2141
2,10443,731
2,10443,1356
2,50898,1211
2,50898,2141
2,50898,731
2,50898,2183
2,50898,433
2,50898,192
2,50898,1889
2,50898,1187
2,50898,1213
2,34097,731
2,34097,1356
2,34097,2083
2,34097,2220
2,34097,2121
2,66046,1211
2,66046,731
2,66046,1356
2,66046,921
2,66046,2183
2,66046,433
2,66046,1889
2,66046,193
2,66046,2109
2,66046,2092
2,66046,2074
2,56495,2141
2,56495,731
2,56495,1356
2,56495,1889
2,56495,2220
2,56495,1827
2,56495,2109
2,56495,1347
2,56495,1187
2,56495,2074
2,41664,2141
2,41664,76
2,41664,1356
2,41664,2183
2,41664,2109
2,41664,1187
2,41664,2092
2,41664,2121
2,42853,1211
2,42853,2141
2,42853,76
2,42853,921
2,42853,433
2,42853,2109
2,42853,1347
2,58540,2141
2,58540,731
2,58540,76
2,58540,921
2,58540,2183
2,58540,433
2,58540,2083
2,58540,192
2,58540,1889
2,58540,193
2,58540,2109
2,58540,1347
2,58540,1905
2,58540,2074
2,58540,2121
2,58540,191
2,4704,1211
2,4704,2141
2,4704,731
2,4704,76
2,4704,1356
2,4704,921
2,4704,2183
2,4704,2083
2,4704,1889
2,4704,2220
2,4704,1827
2,4704,2092
2,4704,2121
2,27839,433
2,27839,192
2,27839,193
2,27839,191
2,39200,1211
2,39200,731
2,39200,76
2,39200,921
2,39200,433
2,39200,2083
2,39200,1889
2,39200,1827
2,39200,1905
2,39200,1187
2,35474,1211
2,35474,2141
2,35474,731
2,35474,76
2,35474,1356
2,35474,2183
2,35474,433
2,35474,2083
2,35474,193
2,35474,1187
2,1462,1211
2,1462,1356
2,1462,921
2,2386,1211
2,2386,2141
2,2386,1356
2,2386,433
2,2386,2083
2,2386,1889
2,2386,2220
2,2386,1827
2,2386,1905
2,2386,2121
2,40872,1211
2,40872,2141
2,40872,731
2,40872,76
2,40872,1356
2,40872,2183
2,40872,2083
2,40872,1889
2,40872,2220
2,40872,1827
2,40872,1347
2,40872,1905
2,40872,2121
2,67856,1211
2,67856,731
2,67856,76
2,67856,1356
2,67856,921
2,67856,2183
2,67856,433
2,67856,2083
2,67856,192
2,67856,193
2,67856,1347
2,67856,1905
2,67856,2092
2,67856,2074
2,67856,2121
2,72298,2141
2,72298,76
2,72298,1356
2,72298,921
2,72298,2183
2,72298,2083
2,72298,192
2,72298,1889
2,72298,2220
2,72298,193
2,72298,1827
2,72298,2109
2,72298,1347
2,72298,1905
2,72298,2092
2,72298,2074
2,72298,2121
2,72298,191
2,53479,1211
2,53479,731
2,53479,76
2,53479,1356
2,53479,921
2,53479,2183
2,53479,2083
2,53479,192
2,53479,1889
2,53479,2220
2,53479,193
2,53479,1827
2,53479,1347
2,53479,1905
2,53479,2092
2,53479,2074
2,53479,1213
2,27703,1211
2,27703,2141
2,27703,76
2,27703,921
2,27703,1827
2,27703,2109
2,27703,2074
2,27703,1213
2,40784,1211
2,40784,2141
2,40784,731
2,40784,76
2,40784,1356
2,40784,921
2,40784,2183
2,40784,2083
2,40784,192
2,40784,1889
2,40784,193
2,40784,1347
2,40784,1905
2,40784,2092
2,40784,2074
2,40784,2121
2,40784,191
2,37440,1211
2,37440,731
2,37440,76
2,37440,1356
2,37440,921
2,37440,2183
2,37440,1187
2,45625,2141
2,45625,731
2,45625,76
2,45625,1356
2,45625,921
2,45625,2183
2,45625,2083
2,45625,192
2,45625,1889
2,45625,2220
2,45625,193
2,45625,1827
2,45625,2109
2,45625,1347
2,45625,2092
2,45625,2074
2,45625,2121
2,20458,76
2,20458,433
2,20458,2109
2,20458,1187
2,6086,1211
2,6086,2141
2,6086,76
2,6086,2183
2,6086,433
2,6086,2083
2,6086,192
2,6086,193
2,6086,1827
2,6086,1347
2,6086,2121
2,6086,191
2,54239,2141
2,54239,76
2,54239,1889
2,54239,2220
2,54239,1827
2,54239,2109
2,51992,1211
2,51992,2141
2,51992,2220
2,51992,2109
2,51992,1905
2,51992,1187
2,63128,1211
2,63128,2141
2,63128,731
2,63128,76
2,63128,1356
2,63128,921
2,63128,2183
2,63128,2083
2,63128,192
2,63128,1347
2,63128,1905
2,63128,2092
2,63128,1213
2,2975,2141
2,2975,76
2,2975,921
2,2975,433
2,2975,2083
2,2975,192
2,2975,1889
2,2975,193
2,2975,2109
2,2975,1905
2,2975,1187
2,2975,2121
2,23667,2109
2,36714,2109
2,36714,1905
2,72595,1211
2,21929,1211
2,21929,2141
2,21929,731
2,21929,921
2,21929,2183
2,21929,433
2,21929,192
2,21929,2220
2,21929,193
2,21929,1187
2,21929,2074
2,21929,191
2,64662,1211
2,64662,2141
2,64662,731
2,64662,76
2,64662,1356
2,64662,921
2,64662,433
2,64662,2083
2,64662,2220
2,64662,193
2,64662,1827
2,48383,1211
2,48383,2141
2,48383,76
2,48383,1889
2,48383,2220
2,48383,193
2,48383,1827
2,48383,2092
2,1231,2141
2,1231,731
2,1231,1356
2,1231,921
2,1231,2183
2,1231,433
2,1231,2083
2,1231,1889
2,1231,2220
2,1231,193
2,1231,2109
2,1231,1187
2,1231,2092
2,78076,433
2,78076,192
2,78076,193
2,78076,2121
2,78076,191
2,5301,433
2,5301,192
2,5301,193
2,5301,2121
2,5301,191
2,32183,1211
2,32183,433
2,32183,2109
2,32183,1187
2,86684,1211
2,86684,731
2,86684,1356
2,86684,921
2,86684,1213
2,28768,1211
2,28768,76
2,28768,2183
2,28768,2220
2,28768,1187
2,58003,1211
2,58003,2141
2,58003,921
2,58003,2183
2,58003,192
2,58003,1889
2,58003,193
2,58003,1827
2,58003,1347
2,58003,1905
2,58003,1187
2,58003,2074
2,58003,1213
2,15744,1211
2,15744,2141
2,15744,731
2,15744,76
2,15744,1356
2,15744,921
2,15744,433
2,15744,192
2,15744,193
2,15744,2121
2,15744,191
2,62853,1211
2,62853,2141
2,62853,731
2,62853,1356
2,62853,921
2,62853,2183
2,62853,433
2,62853,192
2,62853,1889
2,62853,193
2,62853,2092
2,62853,2121
2,62853,191
2,42979,1211
2,42979,2141
2,42979,731
2,42979,76
2,42979,1356
2,42979,2183
2,42979,2083
2,42979,192
2,42979,1889
2,42979,2220
2,42979,193
2,42979,1347
2,42979,1187
2,42979,2092
2,42979,2074
2,34707,1211
2,34707,2141
2,34707,731
2,34707,76
2,34707,1356
2,34707,921
2,34707,2183
2,34707,2083
2,34707,192
2,34707,1889
2,34707,2220
2,34707,193
2,34707,1827
2,34707,1347
2,34707,1905
2,34707,2092
2,34707,2074
2,47514,1211
2,47514,2141
2,47514,731
2,47514,76
2,47514,921
2,47514,2183
2,47514,2220
2,47514,1827
2,47514,2109
2,58544,1211
2,58544,76
2,58544,433
2,58544,192
2,58544,2109
2,58544,1187
2,58544,2074
2,43004,731
2,43004,1356
2,43004,433
2,11079,192
2,11079,193
2,11079,191
2,21634,1211
2,22264,2141
2,22264,731
2,22264,76
2,22264,1356
2,22264,921
2,22264,192
2,22264,2074
2,56966,1211
2,56966,2141
2,56966,76
2,56966,1356
2,56966,2183
2,56966,2220
2,56966,2074
2,27060,2141
2,27060,433
2,27060,2121
2,37087,1211
2,37087,2141
2,37087,731
2,37087,1356
2,37087,433
2,37087,1889
2,37087,2121
2,37087,1213
2,42952,1211
2,42952,2141
2,42952,76
2,42952,921
2,42952,433
2,42952,2083
2,42952,2220
2,54097,1211
2,54097,731
2,54097,1356
2,54097,921
2,54097,433
2,54097,1827
2,54097,2109
2,670,1211
2,67794,1211
2,67794,2141
2,67794,731
2,67794,76
2,67794,921
2,67794,2183
2,67794,1889
2,67794,2109
2,67794,1347
2,67794,1905
2,67794,2092
2,67794,2074
2,2924,2141
2,2924,76
2,2924,433
2,2924,192
2,2924,193
2,2924,2092
2,2924,191
2,50123,2141
2,50123,76
2,50123,921
2,50123,2183
2,50123,433
2,50123,2083
2,50123,192
2,50123,1889
2,50123,193
2,50123,1827
2,50123,2109
2,50123,1347
2,50123,1905
2,50123,2074
2,50123,2121
2,40506,731
2,40506,433
2,67846,2141
2,67846,731
2,67846,1356
2,67846,921
2,67846,192
2,67846,2220
2,67846,1827
2,67846,2109
2,67846,1347
2,67846,2121
2,67846,191
2,67846,1213
2,27331,1211
2,27331,2141
2,27331,731
2,27331,76
2,27331,1356
2,27331,921
2,27331,2183
2,27331,433
2,27331,2083
2,27331,192
2,27331,2220
2,27331,1347
2,27331,2092
2,10713,2141
2,10713,731
2,10713,76
2,10713,1356
2,10713,921
2,10713,2183
2,10713,433
2,10713,2083
2,10713,1889
2,10713,193
2,10713,1827
2,10713,1905
2,10713,1187
2,10713,2092
2,10713,2074
2,10713,2121
2,319,1889
2,29959,1211
2,29959,2141
2,29959,731
2,29959,76
2,29959,1356
2,29959,433
2,29959,2220
2,29959,1347
2,29959,2121
2,75165,1211
2,75165,731
2,75165,433
2,75165,2109
2,75165,1187
2,59665,1211
2,59665,2141
2,59665,731
2,59665,76
2,59665,1356
2,59665,921
2,59665,433
2,59665,2083
2,59665,1889
2,59665,2220
2,65074,1211
2,65074,2141
2,65074,731
2,65074,921
2,65074,2183
2,65074,433
2,65074,2083
2,65074,2220
2,65074,193
2,65074,1187
2,54190,1211
2,54190,731
2,54190,1356
2,54190,921
2,54190,433
2,54190,1827
2,54190,2109
2,72730,1211
2,57170,731
2,57170,76
2,57170,921
2,57170,2183
2,57170,2083
2,57170,2220
2,57170,1827
2,57170,2109
2,57170,1905
2,40526,1211
2,40526,2141
2,40526,731
2,40526,76
2,40526,433
2,40526,192
2,40526,2109
2,23635,1211
2,32163,2109
2,69005,1211
2,69005,731
2,69005,1356
2,69005,921
2,69005,2183
2,69005,433
2,69005,1889
2,69005,2220
2,69005,193
2,69005,1827
2,69005,1347
2,69005,2121
2,57109,1211
2,57109,2141
2,57109,76
2,57109,921
2,57109,2220
2,21647,2141
2,21647,731
2,21647,1356
2,21647,921
2,21647,2220
2,21647,1827
2,21647,2121
2,44266,1211
2,44266,2074
2,48994,1211
2,48994,2141
2,48994,731
2,48994,76
2,48994,1356
2,48994,921
2,48994,2183
2,48994,2083
2,48994,1889
2,48994,2220
2,48994,1827
2,48994,1905
2,48994,2092
2,48994,2074
2,30409,1211
2,30409,2141
2,30409,731
2,30409,921
2,30409,2183
2,30409,433
2,30409,192
2,30409,2220
2,30409,1187
2,30409,2074
2,38098,1211
2,38098,731
2,38098,1356
2,38098,921
2,38098,2183
2,38098,2083
2,38098,192
2,38098,1889
2,38098,193
2,38098,1827
2,38098,1347
2,38098,1905
2,38098,2092
2,38098,2074
2,12855,2141
2,12855,731
2,12855,76
2,12855,1356
2,12855,921
2,12855,2183
2,12855,1905
2,12855,2121
2,59170,1211
2,59170,2141
2,59170,731
2,59170,76
2,59170,921
2,59170,2183
2,59170,2083
2,59170,1889
2,59170,193
2,59170,2109
2,59170,1347
2,59170,2092
2,59170,2074
2,42238,731
2,42238,76
2,42238,1356
2,42238,921
2,42238,433
2,42238,2220
2,42238,1827
2,42238,2109
2,42238,1187
2,42238,2092
2,4825,2141
2,4825,731
2,4825,76
2,4825,921
2,4825,1347
2,4825,1905
2,4825,1187
2,4825,2092
2,78288,2141
2,78288,731
2,78288,433
2,78288,2109
2,78288,1187
2,72302,1211
2,72302,2141
2,72302,731
2,72302,1356
2,72302,1827
2,72302,1187
2,72302,2121
2,72302,191
2,13041,1211
2,13041,731
2,13041,1356
2,13041,921
2,13041,193
2,37646,1211
2,37646,76
2,37646,1356
2,37646,921
2,9122,1211
2,9122,2141
2,9122,731
2,9122,76
2,9122,921
2,9122,2183
2,9122,2083
2,9122,1827
2,9122,2109
2,9122,2092
2,63391,2141
2,63391,2109
2,63391,1347
2,67670,1889
2,49979,1211
2,49979,2141
2,49979,921
2,49979,2220
2,49979,2109
2,34070,2141
2,34070,731
2,34070,921
2,34070,433
2,34070,1347
2,34070,2092
2,34070,191
2,70520,1211
2,70520,731
2,70520,76
2,70520,1356
2,70520,921
2,70520,2183
2,70520,433
2,70520,2083
2,70520,1889
2,70520,2220
2,70520,193
2,70520,1827
2,70520,1347
2,70520,2092
2,72281,2141
2,72281,731
2,72281,76
2,72281,1356
2,72281,2183
2,72281,2083
2,72281,192
2,72281,1889
2,72281,2220
2,72281,193
2,72281,1827
2,72281,2109
2,72281,1347
2,72281,1905
2,72281,2092
2,72281,2074
2,72281,2121
2,18195,1211
2,18195,731
2,18195,76
2,18195,921
2,18195,1187
2,18195,1213
2,44798,1211
2,44798,2141
2,44798,731
2,44798,76
2,44798,1356
2,44798,921
2,44798,2183
2,44798,2083
2,44798,192
2,44798,1889
2,44798,2220
2,44798,193
2,44798,1827
2,44798,1347
2,44798,1905
2,44798,2092
2,44798,2074
2,74034,1211
2,74034,2141
2,74034,731
2,74034,76
2,74034,2183
2,74034,433
2,74034,2220
2,74034,193
2,74034,1905
2,74034,1187
2,74034,2074
2,84635,1211
2,84635,2141
2,84635,76
2,84635,921
2,84635,2183
2,84635,433
2,84635,2083
2,84635,192
2,84635,1889
2,84635,193
2,84635,1347
2,84635,2074
2,84635,2121
2,84635,191
2,47437,2141
2,47437,921
2,47437,2183
2,47437,1889
2,47437,1827
2,47437,2109
2,47437,1347
2,85899,2141
2,85899,731
2,85899,76
2,85899,433
2,85899,192
2,85899,1889
2,85899,2220
2,85899,1827
2,85899,2092
2,85899,2074
2,85899,2121
2,85899,191
2,56798,2141
2,56798,2183
2,56798,192
2,56798,2109
2,56798,1347
2,56798,1905
2,56798,2074
2,53945,1211
2,53945,2141
2,53945,731
2,53945,76
2,53945,1356
2,53945,921
2,53945,2183
2,53945,2083
2,53945,193
2,53945,2109
2,53945,1347
2,53945,2074
2,59925,1211
2,59925,2141
2,59925,76
2,59925,2183
2,59925,1889
2,59925,1827
2,59925,1347
2,59925,1905
2,59925,1187
2,59925,2092
2,59925,2121
2,75570,731
2,75570,76
2,75570,1356
2,75570,2183
2,75570,1187
2,75570,1213
2,42189,1211
2,42189,2183
2,42189,192
2,42189,1889
2,42189,2220
2,42189,193
2,42189,2109
2,42189,1347
2,42189,1187
2,42189,1213
2,34145,731
2,34145,76
2,34145,921
2,34145,433
2,34145,193
2,34145,1905
2,34145,1187
2,34145,191
2,34145,1213
2,59205,433
2,59205,192
2,59205,193
2,59205,191
2,59205,1213
2,21496,1211
2,51434,1211
2,51434,2141
2,51434,731
2,51434,76
2,51434,1356
2,51434,921
2,51434,2183
2,51434,2220
2,51434,193
2,51434,1187
2,51434,2121
2,44337,1211
2,44337,731
2,44337,76
2,44337,1356
2,44337,921
2,44337,2183
2,44337,433
2,44337,2083
2,44337,192
2,44337,193
2,44337,1347
2,44337,1187
2,44337,2074
2,34641,1211
2,34641,2141
2,34641,731
2,34641,921
2,34641,2183
2,34641,2083
2,34641,1889
2,34641,2220
2,34641,193
2,34641,1827
2,34641,2109
2,77530,433
2,77530,1187
2,77530,2121
2,8681,921
2,37381,1211
2,37381,1889
2,37381,193
2,37381,2109
2,37381,1347
2,37381,1905
2,37381,1187
2,54286,76
2,54286,2109
2,54286,1347
2,18376,1211
2,19423,1211
2,19423,2141
2,19423,731
2,19423,1356
2,19423,921
2,19423,2183
2,19423,433
2,19423,2083
2,19423,193
2,19423,1187
2,19423,2092
2,5597,731
2,5597,2183
2,5597,1889
2,5597,1347
2,57512,1211
2,29790,2141
2,29790,731
2,29790,433
2,18231,192
2,18231,193
2,18231,1347
2,18231,191
2,10000,1211
2,10000,731
2,10000,76
2,10000,1356
2,10000,921
2,10000,433
2,10000,2083
2,10000,192
2,10000,193
2,10000,1827
2,10000,2121
2,10000,191
2,84714,2141
2,84714,2220
2,84714,2109
2,33368,1211
2,33368,731
2,33368,76
2,33368,1356
2,33368,2183
2,33368,2083
2,33368,192
2,33368,1889
2,33368,2220
2,33368,1827
2,33368,1347
2,33368,1905
2,33368,1187
2,33368,2092
2,33368,2074
2,33855,1211
2,33855,2141
2,33855,731
2,33855,76
2,33855,1356
2,33855,921
2,33855,2183
2,33855,2220
2,33855,193
2,33855,2109
2,33855,1905
2,42916,1211
2,42916,2141
2,42916,76
2,42916,1356
2,42916,921
2,42916,2183
2,42916,2083
2,42916,1889
2,42916,2220
2,42916,1827
2,42916,1187
2,42916,2092
2,60394,433
2,64291,1211
2,64291,731
2,64291,1356
2,64291,921
2,64291,2083
2,64291,1889
2,64291,2220
2,64291,2109
2,64291,1347
2,64291,2074
2,64291,1213
2,70870,2141
2,70870,731
2,70870,1356
2,70870,2183
2,70870,2083
2,70870,1889
2,70870,2109
2,70870,1347
2,70870,1905
2,70870,1187
2,70870,2092
2,14700,2141
2,14700,76
2,14700,2183
2,14700,433
2,14700,192
2,14700,2220
2,14700,2109
2,14700,2121
2,14700,191
2,14700,1213
2,20701,2141
2,20701,731
2,20701,76
2,20701,921
2,20701,433
2,20701,2083
2,20701,1889
2,20701,2220
2,20701,1827
2,20701,2109
2,20701,1347
2,20701,1905
2,20701,2092
2,20701,2074
2,10013,1211
2,10013,2141
2,10013,731
2,10013,76
2,10013,1356
2,10013,921
2,10013,2183
2,10013,433
2,10013,2220
2,10013,193
2,10013,1213
2,83915,433
2,83915,2121
2,75623,2141
2,75623,731
2,75623,76
2,75623,1356
2,75623,921
2,75623,2183
2,75623,433
2,75623,2083
2,75623,192
2,75623,193
2,75623,2109
2,75623,1347
2,75623,2074
2,75623,2121
2,75623,191
2,58173,1211
2,58173,731
2,58173,76
2,58173,1356
2,58173,921
2,58173,2183
2,58173,433
2,58173,2083
2,58173,192
2,58173,1889
2,58173,193
2,58173,1827
2,58173,1347
2,58173,1905
2,58173,2092
2,58173,2074
2,28107,731
2,28107,1827
2,28107,2109
2,28107,1213
2,28070,433
2,28070,191
2,34347,1211
2,34347,2141
2,34347,731
2,34347,76
2,34347,1356
2,34347,921
2,34347,2183
2,34347,1187
2,34347,1213
2,6538,433
2,6538,192
2,6538,193
2,6538,1347
2,6538,2121
2,6538,191
2,50744,2141
2,50744,1356
2,50744,921
2,50744,2183
2,50744,2083
2,50744,1889
2,50744,2220
2,50744,1827
2,50744,2109
2,50744,1347
2,50744,1905
2,50744,2074
2,50744,2121
2,9964,1211
2,9964,2141
2,9964,76
2,9964,1356
2,9964,921
2,9964,2183
2,9964,433
2,9964,2083
2,9964,192
2,9964,2220
2,9964,193
2,9964,2121
2,9964,191
2,37043,1211
2,37043,2141
2,37043,731
2,37043,76
2,37043,1356
2,37043,2183
2,37043,433
2,37043,1905
2,37043,1187
2,37043,2074
2,51579,1211
2,51579,2141
2,51579,731
2,51579,76
2,51579,1356
2,51579,921
2,51579,192
2,51579,1889
2,51579,1827
2,51579,1905
2,51579,1187
2,51579,2074
2,69043,731
2,69043,1356
2,69043,921
2,69043,2183
2,69043,1889
2,69043,2220
2,69043,1827
2,41502,1211
2,41502,731
2,41502,76
2,41502,1356
2,41502,2109
2,41502,1187
2,36952,731
2,36952,76
2,36952,2183
2,36952,1889
2,36952,1347
2,36952,1187
2,36952,1213
2,19134,1356
2,19134,2183
2,19134,2109
2,19134,1347
2,19134,1905
2,25016,1211
2,25016,76
2,25016,433
2,25016,2083
2,25016,2220
2,25016,193
2,25016,2121
2,25016,191
2,86461,731
2,86461,1827
2,86461,1347
2,86461,1213
2,65582,2220
2,60775,2141
2,60775,731
2,60775,76
2,60775,1356
2,60775,921
2,60775,2183
2,60775,433
2,60775,1889
2,60775,2220
2,60775,1827
2,60775,1347
2,60775,1187
2,60775,2092
2,25714,1211
2,25714,2141
2,25714,731
2,25714,76
2,25714,1356
2,25714,433
2,25714,2083
2,25714,192
2,25714,2220
2,25714,193
2,25714,2121
2,60359,1211
2,60359,731
2,60359,2183
2,60359,1889
2,60359,2109
2,60359,1187
2,60359,1213
2,29017,1211
2,29017,731
2,29017,76
2,29017,1356
2,29017,921
2,29017,2183
2,29017,2083
2,29017,192
2,29017,1889
2,29017,1827
2,29017,2109
2,29017,1347
2,50477,2141
2,50477,1356
2,50477,433
2,50477,2083
2,50477,193
2,50477,191
2,26833,2141
2,26833,1187
2,53588,1211
2,53588,2141
2,53588,731
2,53588,76
2,53588,1356
2,53588,921
2,53588,2183
2,53588,433
2,53588,1889
2,53588,193
2,53588,1827
2,53588,1905
2,53588,2074
2,156,433
2,49288,2141
2,49288,1356
2,49288,2220
2,49288,1827
2,12314,1211
2,12314,2141
2,12314,731
2,12314,76
2,12314,1356
2,12314,921
2,12314,2183
2,12314,433
2,12314,2083
2,12314,192
2,12314,1889
2,12314,193
2,12314,1347
2,12314,2092
2,24567,731
2,24567,921
2,24567,2083
2,24567,1827
2,30663,1211
2,30663,2141
2,30663,1356
2,30663,921
2,30663,2183
2,74940,1211
2,74940,2141
2,74940,731
2,74940,1356
2,74940,2183
2,74940,2083
2,74940,1889
2,74940,2220
2,74940,1827
2,74940,1905
2,74940,1187
2,20271,1211
2,20271,2141
2,20271,731
2,20271,1356
2,20271,921
2,20271,2183
2,20271,2220
2,20271,1905
2,20271,1187
2,54725,2141
2,54725,731
2,54725,1356
2,54725,921
2,54725,2183
2,54725,2083
2,54725,1889
2,54725,2220
2,54725,1827
2,54725,2109
2,54725,1347
2,54725,1905
2,54725,1187
2,54725,2092
2,54725,2074
2,58726,1211
2,58726,2141
2,58726,731
2,58726,76
2,58726,192
2,58726,193
2,58726,2109
2,58726,1905
2,58726,2121
2,58726,191
2,78939,1211
2,18736,1211
2,18736,731
2,18736,1356
2,18736,921
2,18736,2183
2,18736,2083
2,18736,192
2,18736,1889
2,18736,193
2,18736,1827
2,18736,1347
2,18736,1905
2,18736,2092
2,18736,2074
2,17441,1211
2,17441,2141
2,17441,731
2,17441,1356
2,17441,921
2,17441,2183
2,17441,433
2,17441,2083
2,17441,192
2,17441,1889
2,17441,193
2,17441,1347
2,17441,1905
2,17441,2092
2,17441,2074
2,17441,191
2,56760,731
2,56760,76
2,56760,1356
2,56760,921
2,56760,2183
2,56760,2083
2,56760,192
2,56760,1889
2,56760,2220
2,56760,1827
2,56760,2109
2,56760,1347
2,56760,1905
2,56760,2092
2,56760,2074
2,56760,1213
2,35903,731
2,35903,76
2,35903,1356
2,35903,921
2,35903,2183
2,35903,433
2,35903,2083
2,35903,192
2,35903,1889
2,35903,2220
2,35903,1827
2,35903,2109
2,35903,1905
2,35903,2074
2,35903,2121
2,10149,1211
2,10149,731
2,10149,76
2,10149,1356
2,10149,2083
2,10149,1889
2,10149,193
2,10149,2109
2,10149,1905
2,10149,1187
2,13636,1211
2,13636,731
2,13636,1356
2,13636,192
2,13636,1889
2,13636,2074
2,17397,1211
2,17397,2141
2,17397,731
2,17397,1356
2,17397,921
2,17397,2183
2,17397,2083
2,17397,192
2,17397,2220
2,17397,193
2,17397,2109
2,17397,2092
2,17397,2074
2,57018,2141
2,57018,731
2,57018,76
2,57018,1356
2,57018,921
2,57018,2183
2,57018,2083
2,57018,1889
2,57018,2220
2,57018,193
2,57018,1827
2,57018,2109
2,57018,1905
2,57018,1187
2,57018,2092
2,80757,2141
2,80757,1889
2,80757,1827
2,80757,1187
2,80757,1213
2,83319,1211
2,83319,731
2,83319,1356
2,83319,433
2,83319,2083
2,83319,2109
2,83319,1213
2,81506,1211
2,81506,2141
2,81506,731
2,81506,76
2,81506,1356
2,81506,921
2,81506,2183
2,81506,2083
2,81506,192
2,81506,1889
2,81506,2220
2,81506,193
2,81506,1827
2,81506,1347
2,81506,1905
2,81506,2092
2,81506,2074
2,57069,1211
2,57069,2141
2,57069,1187
2,80027,1211
2,80027,2141
2,80027,731
2,80027,76
2,80027,1356
2,80027,921
2,80027,2183
2,80027,2083
2,80027,192
2,80027,1889
2,80027,2220
2,80027,193
2,80027,1827
2,80027,1347
2,80027,1905
2,80027,2092
2,80027,2074
2,37560,1211
2,37560,2141
2,37560,731
2,37560,1356
2,37560,921
2,37560,2083
2,37560,2109
2,37560,1213
2,2709,1211
2,2709,2141
2,2709,731
2,2709,76
2,2709,1356
2,2709,2183
2,2709,433
2,2709,2083
2,2709,192
2,2709,193
2,2709,2074
2,2709,2121
2,2709,191
2,5771,1211
2,5771,2141
2,5771,731
2,5771,76
2,5771,1356
2,5771,2183
2,5771,433
2,5771,1889
2,5771,193
2,5771,1905
2,5771,191
2,5771,1213
2,25727,433
2,25727,192
2,25727,193
2,25727,191
2,34686,1211
2,34686,2141
2,34686,731
2,34686,76
2,34686,1356
2,34686,921
2,34686,2183
2,34686,2083
2,34686,192
2,34686,1889
2,34686,2220
2,34686,193
2,34686,1827
2,34686,1347
2,34686,1905
2,34686,2092
2,34686,2074
2,69044,2141
2,69044,731
2,69044,76
2,69044,1356
2,69044,921
2,69044,2183
2,69044,433
2,69044,2083
2,69044,192
2,69044,1889
2,69044,2220
2,69044,1827
2,69044,1347
2,69044,2092
2,69044,2074
2,69044,2121
2,69044,191
2,52651,1889
2,52651,2109
2,52651,1905
2,44454,1211
2,44454,731
2,44454,76
2,44454,1356
2,44454,921
2,44454,2183
2,44454,2083
2,44454,192
2,44454,1889
2,44454,1905
2,44454,1187
2,44454,2092
2,44454,2074
2,44454,191
2,44454,1213
2,34606,731
2,34606,76
2,34606,1356
2,34606,921
2,34606,2183
2,34606,1889
2,34606,1347
2,34606,1905
2,34606,2074
2,9427,1211
2,9427,2141
2,9427,731
2,9427,76
2,9427,1356
2,9427,433
2,9427,2083
2,9427,192
2,9427,1905
2,9427,2092
2,9427,2121
2,35731,1211
2,35731,2141
2,35731,731
2,35731,76
2,35731,1356
2,35731,921
2,35731,2183
2,35731,2083
2,35731,193
2,35731,2109
2,35731,1905
2,35731,2092
2,8253,2141
2,8253,731
2,8253,76
2,8253,1356
2,8253,921
2,8253,2183
2,8253,2083
2,8253,192
2,8253,1889
2,8253,193
2,8253,1827
2,8253,1347
2,8253,1905
2,8253,1187
2,8253,2092
2,8253,2074
2,8253,2121
2,35558,2141
2,35558,731
2,35558,76
2,35558,1356
2,35558,2183
2,35558,2083
2,35558,2220
2,35558,1827
2,35558,2109
2,35558,1347
2,35558,2092
2,35558,191
2,35558,1213
2,56257,1211
2,56257,2141
2,56257,731
2,56257,1356
2,56257,921
2,56257,433
2,56257,192
2,56257,1889
2,56257,1347
2,56257,1905
2,56257,2121
2,40678,1211
2,40678,2141
2,40678,731
2,40678,76
2,40678,1356
2,40678,921
2,40678,2183
2,40678,2083
2,40678,192
2,40678,1889
2,40678,2220
2,40678,193
2,40678,1827
2,40678,1347
2,40678,1905
2,40678,2074
2,40678,191
2,42894,1211
2,42894,731
2,42894,433
2,42894,192
2,42894,1347
2,42894,2074
2,77945,1211
2,77945,2141
2,77945,731
2,77945,1356
2,77945,2183
2,77945,433
2,77945,192
2,77945,1889
2,77945,193
2,77945,1347
2,77945,2074
2,77945,2121
2,77945,191
2,46873,2141
2,6136,1211
2,6136,2141
2,6136,76
2,6136,2183
2,6136,433
2,6136,192
2,6136,193
2,6136,1827
2,6136,1347
2,6136,1905
2,6136,2121
2,6136,191
2,49772,2141
2,49772,2220
2,77958,1211
2,77958,2141
2,77958,731
2,77958,1356
2,77958,921
2,77958,2183
2,77958,433
2,77958,192
2,77958,193
2,77958,1347
2,77958,2074
2,77958,2121
2,77958,191
2,53625,1211
2,53625,2141
2,53625,731
2,53625,76
2,53625,1356
2,53625,921
2,53625,2183
2,53625,433
2,53625,1889
2,53625,193
2,53625,1827
2,53625,1905
2,53625,2074
2,2969,1211
2,2969,433
2,2969,2220
2,55782,731
2,55782,76
2,55782,433
2,55782,192
2,55782,193
2,55782,1905
2,55782,2121
2,65919,1211
2,65919,2141
2,65919,76
2,65919,921
2,65919,2183
2,65919,433
2,65919,2083
2,65919,192
2,65919,1347
2,65919,1905
2,65919,1187
2,65919,2074
2,47753,2141
2,47753,731
2,47753,1356
2,47753,921
2,47753,2083
2,47753,1889
2,47753,2220
2,47753,1827
2,47753,2109
2,47753,1905
2,47753,2092
2,47753,2074
2,47753,2121
2,47753,1213
2,42921,1211
2,42921,2141
2,42921,76
2,42921,921
2,42921,2220
2,46950,2141
2,46950,731
2,46950,1356
2,46950,921
2,46950,2183
2,46950,2083
2,46950,192
2,46950,1889
2,46950,193
2,46950,1827
2,46950,2109
2,46950,1347
2,46950,1905
2,46950,1187
2,46950,2092
2,46950,2074
2,46950,191
2,24642,1211
2,24642,2141
2,24642,731
2,24642,76
2,24642,1356
2,24642,921
2,24642,192
2,24642,193
2,24642,2109
2,24642,1347
2,24642,1905
2,54277,1211
2,54277,731
2,54277,1356
2,54277,921
2,54277,433
2,54277,1827
2,54277,2109
2,42884,1211
2,42884,2141
2,42884,731
2,42884,76
2,42884,921
2,42884,192
2,42884,1889
2,42884,2220
2,42884,1347
2,42884,1187
2,42884,2074
2,42884,191
2,539,1211
2,61422,2141
2,61422,731
2,61422,433
2,61422,2083
2,61422,192
2,61422,1889
2,61422,2220
2,61422,1187
2,61422,2121
2,61422,191
2,79689,2141
2,79689,76
2,79689,921
2,79689,2083
2,79689,2109
2,79689,2092
2,79689,2121
2,19339,76
2,19339,2083
2,19339,192
2,19339,193
2,19339,2074
2,19339,191
2,70337,731
2,70337,1356
2,36843,1211
2,36843,2141
2,36843,731
2,36843,76
2,36843,921
2,36843,433
2,36843,192
2,36843,2220
2,36843,1187
2,32142,1211
2,32142,433
2,32142,2109
2,32142,1187
2,25496,1211
2,25496,76
2,25496,433
2,25496,192
2,25496,2220
2,25496,193
2,25496,1187
2,25496,2092
2,25496,191
2,25496,1213
2,10070,2141
2,10070,731
2,10070,76
2,10070,1356
2,10070,921
2,10070,2183
2,10070,433
2,10070,2083
2,10070,192
2,10070,1889
2,10070,2220
2,10070,193
2,10070,1827
2,10070,2092
2,10070,2121
2,10070,191
2,10070,1213
2,43804,1211
2,43804,2141
2,43804,76
2,43804,1356
2,43804,921
2,43804,2183
2,43804,433
2,43804,2083
2,43804,192
2,43804,193
2,43804,1347
2,43804,2074
2,43804,2121
2,52504,1211
2,6162,1211
2,6162,2141
2,6162,76
2,6162,1356
2,6162,2183
2,6162,433
2,6162,2083
2,6162,192
2,6162,193
2,6162,1347
2,6162,2092
2,6162,2121
2,6162,191
2,65192,1211
2,34664,1211
2,34664,2141
2,34664,731
2,34664,76
2,34664,1356
2,34664,921
2,34664,2183
2,34664,2083
2,34664,192
2,34664,1889
2,34664,2220
2,34664,193
2,34664,1827
2,34664,1905
2,34664,2092
2,34664,2074
2,34664,191
2,83950,76
2,83950,2109
2,83950,1347
2,83950,1187
2,83950,2074
2,83950,1213
2,42208,731
2,42208,1356
2,42208,921
2,42208,1889
2,42208,2074
2,32745,1211
2,32745,2141
2,32745,1827
2,32745,2109
2,32745,1905
2,32745,1187
2,6237,1211
2,6237,76
2,6237,1356
2,6237,921
2,6237,433
2,6237,192
2,6237,2220
2,6237,2109
2,6237,1905
2,72220,2141
2,72220,731
2,72220,76
2,72220,921
2,72220,2183
2,72220,2083
2,72220,1889
2,72220,2220
2,72220,193
2,72220,1827
2,72220,2109
2,72220,1347
2,72220,1905
2,72220,2092
2,72220,2074
2,72220,2121
2,80695,2141
2,80695,1889
2,80695,1827
2,80695,1187
2,80695,1213
2,35307,2141
2,35307,76
2,35307,2183
2,35307,2083
2,35307,1889
2,35307,2220
2,35307,1827
2,35307,1347
2,35307,2092
2,35307,2074
2,5667,1211
2,5667,731
2,5667,76
2,5667,1356
2,5667,921
2,5667,1827
2,25461,1211
2,25461,2141
2,25461,76
2,25461,1356
2,25461,921
2,25461,2109
2,25461,1347
2,19476,731
2,19476,1356
2,19476,921
2,19476,2183
2,19476,433
2,19476,2083
2,19476,192
2,19476,2220
2,19476,193
2,19476,1347
2,19476,2092
2,19476,2074
2,19476,2121
2,19476,191
2,56266,1211
2,56266,2141
2,56266,731
2,56266,76
2,56266,1356
2,56266,921
2,56266,2183
2,56266,2083
2,56266,1889
2,56266,1827
2,56266,1187
2,56266,2092
2,60230,1211
2,60230,2141
2,60230,731
2,60230,1356
2,60230,1827
2,60230,2121
2,54843,1211
2,54843,433
2,54843,2220
2,54843,1827
2,54843,2109
2,54843,1213
2,25187,1211
2,25187,2141
2,25187,731
2,25187,76
2,25187,1356
2,25187,2183
2,25187,2083
2,25187,2220
2,25187,193
2,25187,1905
2,25187,1187
2,25187,1213
2,46971,1187
2,46971,1213
2,55442,2141
2,55442,76
2,55442,921
2,55442,2183
2,55442,433
2,55442,192
2,55442,1889
2,55442,2220
2,55442,193
2,55442,1827
2,55442,1347
2,55442,1905
2,55442,1187
2,55442,2092
2,55442,2074
2,55442,2121
2,55442,191
2,30111,1211
2,30111,731
2,30111,76
2,30111,1187
2,30111,1213
2,86781,1889
2,86781,1347
2,86781,1213
2,65514,1827
2,59778,1211
2,59778,921
2,59778,2220
2,59778,1827
2,9287,2141
2,9287,433
2,9287,192
2,9287,193
2,9287,2092
2,9287,2121
2,9287,191
2,17654,1211
2,17654,2141
2,17654,731
2,17654,76
2,17654,193
2,17654,2109
2,17654,1905
2,17654,191
2,17654,1213
2,28386,1211
2,28386,731
2,28386,921
2,28386,2083
2,28386,1347
2,28386,1187
2,28386,1213
2,76596,2141
2,76596,731
2,76596,76
2,76596,1356
2,76596,921
2,76596,2183
2,76596,433
2,76596,2083
2,76596,192
2,76596,1889
2,76596,2220
2,76596,193
2,76596,1905
2,76596,1187
2,76596,2092
2,76596,2074
2,76596,2121
2,59931,1211
2,59931,2141
2,59931,731
2,59931,76
2,59931,1356
2,59931,921
2,59931,433
2,59931,2083
2,59931,1889
2,59931,2220
2,59931,191
2,84498,2141
2,84498,2083
2,84498,2109
2,84498,2092
2,84498,2121
2,41014,1211
2,41014,731
2,41014,76
2,41014,1356
2,41014,921
2,41014,2183
2,41014,2083
2,41014,1889
2,41014,1827
2,41014,2109
2,57056,1211
2,57056,2141
2,57056,76
2,57056,921
2,57056,2220
2,73754,1211
2,73754,2141
2,73754,2083
2,52978,1211
2,52978,731
2,52978,76
2,52978,1356
2,52978,1889
2,52978,2220
2,52978,1827
2,52978,1905
2,52978,1187
2,52978,1213
2,1390,1211
2,1390,2141
2,1390,76
2,1390,2183
2,1390,433
2,1390,2220
2,1390,193
2,1390,1827
2,1390,1187
2,1390,2074
2,70273,1211
2,70273,731
2,70273,76
2,70273,1356
2,70273,1905
2,70273,1187
2,2886,1211
2,2886,731
2,2886,76
2,2886,433
2,2886,192
2,2886,1889
2,2886,1187
2,2886,1213
2,42946,1211
2,42946,2141
2,42946,76
2,42946,921
2,42946,2183
2,42946,2220
2,42904,2083
2,42904,193
2,42904,2092
2,42904,1213
2,37545,1211
2,37545,2141
2,37545,731
2,37545,1356
2,37545,2183
2,37545,1889
2,37545,2220
2,37545,1827
2,37545,2109
2,37688,1211
2,37688,2141
2,37688,2183
2,37688,433
2,28094,2141
2,28094,1889
2,28094,2220
2,28094,1347
2,28094,1213
2,61622,1211
2,61622,2141
2,61622,731
2,61622,76
2,61622,1356
2,61622,921
2,61622,2183
2,61622,2083
2,61622,2109
2,61622,2092
2,61622,2074
2,68961,2141
2,68961,731
2,68961,76
2,68961,1356
2,68961,921
2,68961,2183
2,68961,433
2,68961,2083
2,68961,192
2,68961,1889
2,68961,2220
2,68961,193
2,68961,1827
2,68961,1347
2,68961,1905
2,68961,2092
2,68961,2074
2,68961,2121
2,68961,191
2,45403,1211
2,45403,2141
2,45403,731
2,45403,921
2,45403,2083
2,45403,192
2,45403,193
2,45403,1827
2,45403,2092
2,45403,2121
2,38161,1211
2,38161,731
2,38161,76
2,38161,433
2,38161,2083
2,38161,192
2,38161,1827
2,38161,2109
2,53235,1211
2,53235,731
2,53235,76
2,53235,1356
2,53235,921
2,53235,2183
2,53235,2083
2,53235,192
2,53235,1889
2,53235,2220
2,53235,193
2,53235,1827
2,53235,1347
2,53235,1905
2,53235,2092
2,53235,2074
2,53235,1213
2,6440,1211
2,76685,2141
2,76685,731
2,76685,76
2,76685,1356
2,76685,2183
2,76685,433
2,76685,192
2,76685,2220
2,76685,193
2,76685,2109
2,76685,1347
2,76685,1187
2,31717,1211
2,31717,1187
2,31717,2121
2,50441,1211
2,50441,2141
2,50441,731
2,50441,76
2,50441,1356
2,50441,921
2,50441,1889
2,50441,1187
2,3388,731
2,3388,433
2,3388,2109
2,3388,1347
2,3388,1187
2,3388,1213
2,83767,1211
2,83767,921
2,83767,433
2,83767,2109
2,26029,1889
2,26029,2220
2,26029,2109
2,55896,1211
2,55896,2141
2,55896,1356
2,55896,921
2,55896,193
2,63040,731
2,63040,76
2,63040,1356
2,63040,921
2,63040,2183
2,63040,433
2,63040,2083
2,63040,192
2,63040,1889
2,63040,193
2,63040,1827
2,63040,1905
2,63040,1187
2,63040,2121
2,63040,191
2,63040,1213
2,1659,1211
2,1659,2141
2,1659,76
2,1659,921
2,1659,2183
2,1659,433
2,1659,2083
2,1659,2220
2,1659,1827
2,1659,2074
2,1659,2121
2,64355,2141
2,64355,433
2,64355,2092
2,16100,731
2,16100,76
2,16100,1356
2,16100,921
2,16100,2183
2,16100,433
2,16100,1889
2,16100,1347
2,16100,1905
2,16100,2074
2,16100,2121
2,33828,1211
2,33828,2141
2,33828,1356
2,33828,921
2,33828,2183
2,33828,2083
2,33828,1889
2,33828,193
2,33828,1827
2,33828,2109
2,33828,2092
2,33828,191
2,21582,1211
2,67573,2141
2,24485,76
2,24485,433
2,24485,2220
2,24485,2121
2,24485,191
2,24485,1213
2,24746,1211
2,24746,731
2,24746,76
2,24746,1356
2,24746,921
2,24746,2183
2,24746,2083
2,24746,1889
2,24746,2220
2,24746,193
2,24746,1827
2,24746,1347
2,24746,1905
2,24746,2092
2,24746,2074
2,24746,191
2,24746,1213
2,40689,1211
2,40689,2141
2,40689,731
2,40689,76
2,40689,1356
2,40689,2183
2,40689,433
2,40689,1187
2,40689,2092
2,33392,1211
2,33392,2141
2,33392,76
2,33392,2183
2,33392,2083
2,33392,2220
2,33392,2109
2,33392,1347
2,33392,1905
2,33392,1213
2,41169,2141
2,41169,731
2,41169,1356
2,41169,921
2,41169,2183
2,41169,2083
2,41169,192
2,41169,1889
2,41169,2220
2,41169,193
2,41169,1827
2,41169,2109
2,41169,1347
2,41169,1905
2,41169,2092
2,41169,2074
2,41169,2121
2,41169,191
2,42046,1211
2,42046,2141
2,42046,76
2,42046,2220
2,18464,1211
2,18464,731
2,18464,76
2,18464,1356
2,18464,433
2,55734,1211
2,55734,2141
2,55734,731
2,55734,76
2,55734,1356
2,55734,2183
2,55734,1827
2,55734,1187
2,56826,1211
2,56826,76
2,56826,1356
2,56826,921
2,56826,2183
2,56826,433
2,56826,2220
2,56826,1905
2,56826,1187
2,76967,1211
2,76967,2141
2,76967,731
2,76967,1356
2,76967,921
2,76967,433
2,76967,2220
2,76967,1187
2,4878,731
2,4878,76
2,4878,1356
2,4878,921
2,4878,2183
2,4878,2083
2,4878,192
2,4878,1889
2,4878,193
2,4878,1827
2,4878,2109
2,4878,1347
2,4878,2092
2,4878,2074
2,4878,2121
2,4878,191
2,4878,1213
2,459,1211
2,53113,1211
2,53113,2141
2,53113,731
2,53113,2183
2,53113,433
2,53113,2083
2,53113,1187
2,53113,2074
2,53113,1213
2,37937,76
2,37937,2183
2,37937,192
2,37937,1889
2,37937,2109
2,37937,1347
2,37937,1905
2,37937,2074
2,55376,2141
2,55376,2183
2,55376,2220
2,55376,1347
2,55376,1905
2,55376,2074
2,58468,2141
2,58468,1356
2,58468,2183
2,58468,1889
2,58468,2220
2,58468,2109
2,58468,1347
2,58468,1187
2,58468,2092
2,58468,2121
2,58468,1213
2,6759,1211
2,6759,2141
2,6759,921
2,6759,2109
2,6759,1187
2,6759,1213
2,35245,76
2,35245,2220
2,35245,2109
2,35245,1347
2,35245,1213
2,37532,1211
2,37532,2141
2,37532,731
2,37532,76
2,37532,1356
2,37532,921
2,37532,2183
2,37532,1827
2,37532,1905
2,37532,1187
2,37532,2092
2,37532,2074
2,72139,1356
2,72139,921
2,72139,433
2,72139,2220
2,72139,193
2,72139,1827
2,72139,2109
2,72139,2121
2,72139,191
2,72139,1213
2,761,1889
2,761,2109
2,761,1347
2,761,1213
2,50271,1211
2,50271,731
2,50271,76
2,50271,1905
2,42877,1211
2,42877,2141
2,42877,76
2,42877,433
2,42877,2083
2,23972,433
2,23687,2141
2,23687,731
2,23687,76
2,23687,1356
2,23687,921
2,23687,2183
2,23687,2083
2,23687,1889
2,23687,2220
2,23687,1827
2,23687,2109
2,23687,1347
2,23687,1905
2,23687,2092
2,23687,2074
2,23687,1213
2,34724,1211
2,34724,2141
2,34724,731
2,34724,76
2,34724,1356
2,34724,921
2,34724,2183
2,34724,2083
2,34724,192
2,34724,1889
2,34724,2220
2,34724,193
2,34724,1827
2,34724,1347
2,34724,1905
2,34724,2092
2,34724,2074
2,42134,1211
2,42134,2220
2,42134,1187
2,42134,2074
2,42134,1213
2,72174,2141
2,72174,731
2,72174,76
2,72174,1356
2,72174,2183
2,72174,2083
2,72174,1889
2,72174,1827
2,72174,2109
2,72174,1347
2,72174,1905
2,72174,1187
2,72174,2092
2,72174,2074
2,72174,191
2,30039,1211
2,30039,2141
2,30039,731
2,30039,76
2,30039,1356
2,30039,433
2,30039,2220
2,30039,1347
2,30039,2121
2,57101,1211
2,57101,2141
2,57101,76
2,57101,921
2,57101,2183
2,57101,433
2,57101,192
2,57101,1889
2,57101,2220
2,57101,193
2,57101,1905
2,57101,1187
2,9922,1211
2,9922,2141
2,9922,76
2,9922,1356
2,9922,921
2,9922,2183
2,9922,433
2,9922,2083
2,9922,192
2,9922,2220
2,9922,193
2,9922,2121
2,9922,191
2,33390,2141
2,33390,76
2,33390,2109
2,48828,2141
2,48828,731
2,48828,76
2,48828,1356
2,48828,921
2,48828,2183
2,48828,433
2,48828,2083
2,48828,192
2,48828,1889
2,48828,193
2,48828,1827
2,48828,1905
2,48828,2092
2,48828,2074
2,48828,2121
2,48828,191
2,48828,1213
2,48656,1211
2,48656,2141
2,48656,76
2,48656,1356
2,48656,921
2,48656,2183
2,48656,2083
2,48656,2220
2,48656,193
2,48656,1905
2,48656,1187
2,48656,191
2,48656,1213
2,9400,2141
2,9400,433
2,9400,192
2,9400,193
2,9400,2092
2,9400,2121
2,9400,191
2,17129,2141
2,17129,731
2,17129,1356
2,17129,921
2,17129,1889
2,17129,1347
2,22696,1211
2,52344,1211
2,52344,2141
2,52344,76
2,52344,921
2,52344,2183
2,52344,433
2,52344,2083
2,52344,2109
2,52344,2074
2,56734,2141
2,56734,731
2,56734,1356
2,56734,921
2,56734,433
2,56734,192
2,56734,1889
2,56734,1347
2,56734,1905
2,56734,1187
2,56734,2092
2,56734,2074
2,56734,2121
2,56734,1213
2,24172,433
2,24172,191
2,81430,1211
2,81430,2141
2,24203,1211
2,24203,2183
2,24203,2220
2,34249,2141
2,34249,2109
2,43818,1211
2,43818,2141
2,43818,731
2,43818,76
2,43818,1356
2,43818,921
2,43818,2183
2,43818,2083
2,43818,192
2,43818,193
2,43818,1827
2,43818,1347
2,43818,2092
2,43818,2074
2,43818,2121
2,23675,1211
2,23675,2141
2,23675,921
2,23675,433
2,23675,2083
2,23675,1889
2,23675,2220
2,23675,2109
2,46810,1211
2,46810,2141
2,46810,731
2,46810,76
2,46810,1356
2,46810,921
2,46810,2183
2,46810,2083
2,46810,192
2,46810,2220
2,46810,1827
2,46810,2092
2,46810,2074
2,46810,2121
2,10517,192
2,10517,2121
2,10517,191
2,500,1211
2,58697,2141
2,58697,76
2,58697,1356
2,58697,2183
2,58697,433
2,58697,192
2,58697,2220
2,58697,193
2,58697,1827
2,58697,2109
2,58697,1347
2,58697,2121
2,58697,191
2,64154,2141
2,64154,731
2,64154,76
2,64154,433
2,41301,1211
2,38310,731
2,38310,1827
2,38310,1213
2,40851,1211
2,40851,2141
2,40851,731
2,40851,76
2,40851,1356
2,40851,921
2,40851,2183
2,40851,2083
2,40851,192
2,40851,1889
2,40851,193
2,40851,1347
2,40851,1905
2,40851,2092
2,40851,2074
2,40851,2121
2,40851,191
2,57065,1211
2,57065,2141
2,57065,731
2,57065,1356
2,57065,1889
2,57065,1827
2,57065,2109
2,57065,1905
2,70194,2109
2,28398,1211
2,28398,921
2,28398,433
2,28398,2109
2,28398,1347
2,28398,1905
2,22457,921
2,13772,192
2,13772,193
2,13772,191
2,10176,1211
2,10176,731
2,10176,76
2,10176,433
2,10176,1187
2,40764,1211
2,40764,731
2,40764,1356
2,40764,921
2,40764,2220
2,40764,1213
2,81381,1211
2,81381,2141
2,81381,731
2,81381,76
2,81381,1356
2,81381,921
2,81381,2183
2,81381,2083
2,81381,192
2,81381,1889
2,81381,2220
2,81381,193
2,81381,1827
2,81381,1347
2,81381,1905
2,81381,2092
2,81381,2074
2,82996,2109
2,82996,1347
2,74528,731
2,74528,1187
2,74528,2121
2,74528,191
2,74528,1213
2,34731,731
2,34731,76
2,34731,1356
2,34731,921
2,34731,2183
2,34731,1889
2,34731,1347
2,34731,1905
2,34731,2074
2,49971,731
2,49971,76
2,49971,2183
2,49971,1889
2,49971,2109
2,43734,1211
2,43734,2141
2,43734,731
2,43734,1356
2,43734,921
2,43734,433
2,43734,192
2,43734,1889
2,43734,2092
2,43734,2121
2,54184,1187
2,70685,1211
2,70685,2141
2,70685,731
2,70685,1356
2,70685,2183
2,70685,433
2,70685,1889
2,70685,1187
2,70685,2092
2,70685,191
2,52377,731
2,52377,76
2,52377,921
2,52377,433
2,52377,192
2,52377,1347
2,52377,2074
2,52377,2121
2,42972,1211
2,42972,76
2,42972,921
2,42972,433
2,42972,2083
2,42972,2220
2,51897,1211
2,51897,2141
2,51897,731
2,51897,1356
2,51897,921
2,51897,2183
2,51897,433
2,51897,1889
2,51897,1905
2,51897,1187
2,29747,1211
2,29747,731
2,29747,76
2,29747,1356
2,29747,2220
2,29747,1827
2,29747,1187
2,29747,1213
2,55095,1211
2,55095,2141
2,55095,731
2,55095,921
2,55095,2183
2,55095,433
2,55095,193
2,55095,1187
2,55095,1213
2,68767,1211
2,68767,2141
2,68767,731
2,68767,76
2,68767,1356
2,68767,2183
2,68767,2083
2,68767,192
2,68767,1889
2,68767,2220
2,68767,193
2,68767,1347
2,68767,1187
2,68767,2092
2,68767,2074
2,48263,2141
2,48263,76
2,48263,433
2,48263,192
2,48263,193
2,48263,2121
2,48263,191
2,62124,1211
2,62124,2141
2,62124,76
2,62124,1356
2,62124,921
2,62124,433
2,62124,192
2,62124,2220
2,62124,193
2,62124,1187
2,66874,1211
2,66874,2141
2,66874,76
2,66874,2183
2,66874,1889
2,66874,1827
2,66874,2109
2,66874,2074
2,66874,1213
2,86646,1211
2,86646,2141
2,86646,731
2,86646,76
2,86646,1356
2,86646,921
2,86646,192
2,86646,2220
2,86646,1827
2,86646,1347
2,86646,1905
2,86646,2121
2,13363,192
2,13363,193
2,13363,191
2,81743,731
2,81743,1356
2,81743,192
2,81743,2220
2,81743,193
2,81743,1827
2,81743,2121
2,81743,191
2,44268,1211
2,44268,731
2,44268,76
2,44268,1356
2,44268,921
2,44268,2183
2,44268,433
2,44268,2083
2,44268,192
2,44268,193
2,44268,1347
2,44268,1905
2,44268,1187
2,85396,1211
2,85396,731
2,85396,76
2,85396,921
2,85396,2183
2,85396,433
2,85396,2083
2,85396,193
2,85396,2109
2,85396,1347
2,85396,2074
2,12823,2141
2,12823,731
2,12823,2183
2,12823,433
2,12823,1905
2,55148,1211
2,55148,2141
2,55148,731
2,55148,1356
2,55148,433
2,55148,2109
2,72621,1211
2,19033,2141
2,19033,731
2,19033,76
2,19033,1356
2,19033,2183
2,19033,433
2,19033,2083
2,19033,192
2,19033,2220
2,19033,2109
2,19033,1347
2,19033,1905
2,19033,2074
2,19033,2121
2,16763,1211
2,16763,2141
2,16763,76
2,16763,1356
2,16763,921
2,16763,2083
2,16763,192
2,16763,1347
2,16763,1187
2,16763,2074
2,16763,2121
2,69717,1211
2,69717,76
2,69717,1356
2,69717,2183
2,69717,2220
2,69717,1827
2,69717,2109
2,69717,1187
2,55676,1211
2,55676,2141
2,55676,731
2,55676,76
2,55676,1356
2,55676,192
2,55676,1889
2,55676,193
2,55676,1827
2,55676,1347
2,55676,1905
2,55676,1187
2,37412,1211
2,37412,731
2,37412,76
2,37412,1187
2,49598,2141
2,49598,731
2,49598,1356
2,49598,921
2,49598,2183
2,49598,192
2,49598,1889
2,49598,2220
2,49598,193
2,49598,2109
2,67270,76
2,33843,1211
2,33843,2141
2,33843,731
2,33843,921
2,33843,2183
2,33843,2083
2,33843,1889
2,33843,193
2,33843,1827
2,33843,2109
2,33843,1347
2,44242,1211
2,48299,2141
2,48299,731
2,48299,1356
2,48299,2183
2,48299,433
2,48299,1889
2,48299,2220
2,48299,1827
2,48299,2109
2,48299,1905
2,48299,2092
2,48299,1213
2,29646,1211
2,29646,2141
2,29646,76
2,29646,2183
2,29646,433
2,29646,2083
2,29646,1905
2,29646,1187
2,29646,1213
2,25127,1211
2,25127,2141
2,25127,731
2,25127,76
2,25127,1356
2,25127,2183
2,25127,2083
2,25127,2220
2,25127,193
2,25127,1905
2,25127,1187
2,25127,1213
2,48521,2109
2,68927,2141
2,68927,731
2,68927,76
2,68927,1356
2,68927,921
2,68927,2183
2,68927,433
2,68927,2083
2,68927,192
2,68927,1889
2,68927,2220
2,68927,193
2,68927,1827
2,68927,1347
2,68927,1905
2,68927,2092
2,68927,2074
2,68927,2121
2,68927,191
2,79051,1211
2,79051,2141
2,79051,2109
2,79051,1187
2,25479,1211
2,25479,2141
2,25479,76
2,25479,2183
2,25479,2220
2,25479,2109
2,25479,1347
2,45745,1211
2,45745,731
2,45745,76
2,45745,2183
2,45745,433
2,45745,192
2,45745,1889
2,45745,1347
2,45745,1187
2,45745,2074
2,45745,1213
2,47163,2109
2,47163,1187
2,56995,2141
2,56995,731
2,56995,1356
2,56995,2183
2,56995,192
2,56995,1889
2,56995,2220
2,56995,2109
2,56995,1347
2,56995,1905
2,56995,1187
2,56995,2092
2,56995,191
2,56995,1213
2,12993,192
2,12993,1827
2,12993,2109
2,12993,1347
2,12993,1213
2,50546,1211
2,50546,433
2,50546,1187
2,50546,1213
2,9708,2109
2,25689,2141
2,25689,76
2,25689,433
2,25689,192
2,25689,2220
2,25689,193
2,25689,1827
2,25689,2109
2,25689,1905
2,25689,2121
2,25689,1213
2,42156,1211
2,42156,731
2,42156,76
2,42156,1356
2,42156,921
2,42156,1889
2,42156,2220
2,42156,1827
2,42156,2109
2,42156,1905
2,50517,2141
2,50517,731
2,50517,76
2,50517,2183
2,50517,433
2,50517,2083
2,50517,192
2,50517,1889
2,50517,2220
2,50517,193
2,50517,2109
2,50517,1905
2,50517,2092
2,50517,2074
2,50517,2121
2,50517,191
2,55752,1211
2,55752,2141
2,55752,731
2,55752,76
2,55752,1356
2,55752,921
2,55752,2183
2,55752,2083
2,55752,192
2,55752,1889
2,55752,2220
2,55752,193
2,55752,1827
2,55752,1347
2,55752,1905
2,55752,2092
2,55752,2074
2,25411,2141
2,25411,76
2,25411,433
2,25411,2083
2,25411,192
2,25411,193
2,25411,1827
2,25411,1905
2,25411,2092
2,25411,2121
2,86618,2141
