0,voter_id,age,sex,voting_method,1211,2141,1356,2183,433,192,1889,193,1347,1905,2092,2121,191
1,156,50,M,internet,0,0,0,0,1,0,1,0,0,0,0,0,0
2,319,42,F,internet,1,1,0,1,0,0,1,0,1,1,0,0,0
3,366,28,F,internet,0,0,0,0,0,1,0,1,0,0,0,0,1
4,418,41,F,internet,1,0,0,0,0,0,0,0,0,0,0,0,0
5,459,40,M,internet,1,1,1,0,0,1,0,0,1,0,1,0,0
6,493,29,M,internet,1,0,0,0,0,0,0,0,0,0,0,0,0
7,500,9,F,internet,0,1,1,1,0,1,1,0,1,0,1,1,0
8,502,44,F,internet,1,1,1,0,0,1,0,0,0,0,1,1,0
9,528,55,M,internet,1,0,0,0,1,0,0,0,0,0,0,0,0
10,539,10,F,internet,1,0,0,0,0,0,0,0,0,0,0,0,0
11,645,16,M,internet,1,0,0,0,0,0,0,0,0,0,0,0,0
12,670,14,M,internet,0,0,0,0,0,0,1,0,1,0,0,0,0
13,761,53,M,internet,1,1,0,1,0,0,0,0,0,0,0,0,0
14,1209,34,F,internet,1,1,1,1,0,1,0,1,0,0,1,0,0
15,1220,36,F,internet,0,1,1,1,1,0,1,1,0,0,1,0,0
16,1231,32,F,internet,1,1,0,1,1,0,0,1,0,0,0,0,0
17,1390,40,F,internet,1,0,1,0,1,0,0,0,0,0,0,0,0
18,1416,42,F,internet,1,0,1,0,0,0,0,0,0,0,0,0,0
19,1462,6,F,internet,1,0,1,0,0,0,0,0,0,0,0,0,0
20,1490,8,F,internet,1,1,0,1,0,0,0,0,0,0,0,1,0
21,1659,40,F,internet,1,0,0,0,1,0,0,0,0,0,0,0,0
22,1781,37,F,internet,0,1,0,1,0,0,1,1,0,1,1,0,0
23,2308,55,M,internet,1,1,1,0,1,0,1,0,0,1,0,1,0
24,2386,27,M,internet,1,1,1,1,1,1,0,1,0,0,0,1,1
25,2709,36,F,internet,1,0,0,0,1,1,1,0,0,0,0,0,0
26,2886,20,M,internet,0,1,0,0,1,1,0,1,0,0,1,0,1
27,2924,39,M,internet,1,0,0,0,1,0,0,0,0,0,0,0,0
28,2969,20,F,internet,0,1,0,0,1,1,1,1,0,1,0,1,0
29,2975,39,F,internet,0,0,1,0,1,0,0,0,0,0,0,0,0
30,3117,35,M,internet,0,0,0,0,0,0,0,1,0,0,0,1,1
31,3128,49,F,internet,1,1,1,1,1,1,1,1,1,0,0,0,0
32,3300,37,F,internet,0,0,0,0,0,0,0,0,1,0,0,0,0
33,3388,18,M,internet,1,1,1,0,1,1,1,0,1,0,0,0,0
34,3396,39,F,internet,1,1,0,0,0,0,0,0,1,1,0,0,0
35,3799,45,M,internet,0,1,0,0,0,0,0,0,0,0,0,0,0
36,3821,33,F,internet,1,0,0,0,0,0,0,0,0,1,0,0,1
37,3882,18,M,internet,1,1,0,0,1,0,0,0,0,0,0,0,0
38,4056,39,M,internet,1,1,1,1,1,0,1,0,0,0,1,1,0
39,4704,26,F,internet,0,1,1,1,0,1,0,1,1,0,0,0,1
40,4714,29,F,internet,0,1,0,0,0,0,0,0,1,1,1,0,0
41,4825,7,F,internet,0,0,1,1,0,1,1,1,1,0,1,1,1
42,4878,29,M,internet,0,0,0,0,0,1,0,1,0,0,0,1,1
43,5301,22,F,internet,1,0,0,1,1,0,1,0,1,0,0,0,0
44,5465,26,M,internet,0,0,0,1,0,0,1,0,1,0,0,0,0
45,5597,27,F,internet,1,0,1,0,0,0,0,0,0,0,0,0,0
46,5667,34,F,internet,1,0,1,0,0,0,1,0,0,0,0,0,0
47,5740,31,M,internet,1,1,1,1,1,0,1,1,0,1,0,0,1
48,5771,42,M,internet,1,1,0,1,1,1,0,1,1,0,0,1,1
49,6086,38,F,internet,1,1,0,1,1,1,0,1,1,1,0,1,1
50,6136,9,M,internet,1,1,1,1,1,1,0,1,1,0,1,1,1
51,6162,1,F,internet,1,0,1,0,1,1,0,0,0,1,0,0,0
52,6237,47,F,internet,1,0,0,0,1,0,0,0,0,0,0,0,1
53,6326,42,F,internet,1,0,0,0,1,0,0,0,0,0,0,0,0
54,6406,43,F,internet,1,0,0,0,0,0,0,0,0,0,0,0,0
55,6440,13,F,internet,0,0,0,0,0,1,0,1,1,0,0,1,1
56,6538,41,F,internet,1,1,1,1,1,1,0,0,1,1,0,0,1
57,6731,31,F,internet,1,1,0,0,0,0,0,0,0,0,0,0,0
58,6759,31,F,internet,0,1,1,1,0,1,0,1,1,1,1,1,1
59,6819,39,F,internet,1,1,1,0,1,1,0,0,0,0,0,0,0
60,6949,38,F,internet,0,1,0,1,0,0,1,0,1,0,0,0,0
61,7004,32,M,internet,0,1,1,1,0,1,1,1,1,1,1,1,1
62,7127,41,F,internet,0,1,1,1,1,1,1,1,1,1,1,1,0
63,8253,42,M,internet,0,0,0,0,0,0,0,0,0,0,0,0,0
64,8681,34,F,internet,1,0,0,0,0,0,0,0,0,0,0,0,0
65,8875,17,F,internet,1,1,0,1,0,0,0,0,0,0,1,0,0
66,9122,24,F,internet,0,1,0,0,0,1,0,1,0,0,1,1,1
67,9287,39,M,internet,0,1,0,0,1,1,0,1,0,0,1,1,1
68,9338,38,F,internet,0,1,0,0,1,1,0,1,0,0,1,1,1
69,9388,1,F,internet,0,1,0,0,1,1,0,1,0,0,1,1,1
70,9400,4,M,internet,1,1,1,1,1,0,1,0,0,0,1,0,0
71,9413,34,F,internet,1,1,1,0,0,1,0,0,0,1,1,1,0
72,9427,33,F,internet,1,1,1,1,1,1,1,1,1,1,1,0,0
73,9487,43,F,internet,1,1,1,1,0,0,1,1,1,0,1,0,0
74,9488,6,F,internet,1,1,0,1,0,1,1,0,0,1,1,0,0
75,9514,8,M,internet,0,0,0,0,0,0,0,0,0,0,0,0,0
76,9708,48,M,internet,1,1,1,1,0,1,0,1,0,0,0,1,1
77,9922,47,F,internet,1,1,1,1,1,1,0,1,0,0,0,1,1
78,9964,10,F,internet,1,0,1,0,1,1,0,1,0,0,0,1,1
79,10000,6,F,internet,1,1,1,1,1,0,0,1,0,0,0,0,0
80,10013,66,F,internet,0,1,1,1,1,1,1,1,0,0,1,1,1
81,10070,32,F,internet,1,0,1,0,1,0,1,1,0,1,0,0,0
82,10149,43,F,internet,1,0,0,0,0,0,0,0,0,0,0,0,0
83,10176,42,F,internet,0,1,1,0,1,0,0,0,0,0,0,0,0
84,10443,60,F,internet,0,0,0,0,0,1,0,0,0,0,0,1,1
85,10517,41,F,internet,0,1,1,1,0,0,1,1,0,1,1,1,0
86,10713,38,F,internet,0,0,0,0,1,1,0,1,0,0,0,0,1
87,11079,43,M,internet,0,0,0,0,0,0,0,0,0,0,0,0,1
88,11604,26,F,internet,0,0,0,0,1,1,0,1,0,0,0,0,1
89,11610,44,M,internet,0,0,0,0,0,1,0,1,0,0,0,0,1
90,11869,70,M,internet,0,0,0,0,0,1,0,1,0,0,0,0,1
91,11885,70,F,internet,0,0,0,0,0,1,0,1,0,0,0,0,1
92,11906,16,F,internet,1,1,1,1,0,1,1,1,1,0,1,0,0
93,12314,34,F,internet,0,1,0,1,1,0,0,0,0,1,0,0,0
94,12823,28,F,internet,0,1,1,1,1,0,0,0,0,1,0,1,0
95,12855,34,M,internet,0,0,0,0,0,1,0,0,1,0,0,0,0
96,12993,48,F,internet,1,0,1,0,0,0,0,1,0,0,0,0,0
97,13041,36,F,internet,0,0,0,0,0,1,0,1,0,0,0,0,1
98,13363,13,F,internet,1,0,1,0,0,1,1,0,0,0,0,0,0
99,13636,40,M,internet,1,1,0,1,0,0,0,1,0,0,0,1,0
100,13639,33,M,internet,0,1,1,0,1,0,0,1,0,0,0,1,0
101,13684,33,F,internet,0,0,0,0,0,1,0,1,0,0,0,0,1
102,13704,21,F,internet,0,0,0,0,0,1,0,1,0,0,0,0,1
103,13772,43,F,internet,1,1,0,0,0,1,0,0,0,0,0,0,0
104,14314,33,F,internet,0,1,0,1,0,1,0,0,0,0,0,1,1
105,14700,40,F,internet,0,1,0,1,1,0,1,0,0,1,1,0,1
106,14906,25,M,internet,0,1,0,0,1,1,1,1,0,1,0,1,1
107,15146,38,F,internet,1,1,1,0,1,1,0,1,0,0,0,1,1
108,15744,40,F,internet,0,1,1,1,1,0,0,0,0,0,0,1,0
109,15795,46,F,internet,0,0,1,1,0,0,1,0,1,1,0,1,0
110,16100,38,F,internet,1,1,1,0,1,1,0,0,1,0,0,1,0
111,16763,35,F,internet,1,1,1,1,0,1,1,1,1,1,1,0,1
112,16950,64,M,internet,0,1,1,0,0,0,1,0,1,0,0,0,0
113,17129,40,F,internet,1,1,1,1,0,1,0,1,0,0,1,0,0
114,17397,35,M,internet,1,1,1,1,0,1,0,1,1,1,1,0,0
115,17409,10,M,internet,1,1,1,1,0,1,1,1,1,1,1,0,1
116,17441,11,M,internet,1,1,0,0,1,0,0,1,0,1,0,0,1
117,17654,28,F,internet,1,0,0,0,0,0,0,0,0,0,0,0,0
118,18195,57,M,internet,0,0,0,0,0,1,0,1,1,0,0,0,1
119,18231,37,F,internet,1,1,1,0,0,0,0,0,0,0,1,1,0
120,18260,34,F,internet,1,1,0,0,0,1,0,1,0,1,0,1,1
121,18327,57,M,internet,1,1,1,1,1,0,0,1,0,1,1,0,0
122,18337,39,M,internet,1,0,0,0,0,0,0,0,0,0,0,0,0
123,18376,43,F,internet,1,0,1,0,0,0,0,0,0,0,0,0,0
124,18464,37,F,internet,1,0,1,1,1,1,1,1,1,1,1,0,0
125,18736,38,F,internet,0,1,1,1,0,1,0,0,1,1,0,1,0
126,19033,25,F,internet,1,0,0,0,1,0,0,0,0,0,0,0,0
127,19129,36,F,internet,0,0,1,1,0,0,0,0,1,1,0,0,0
128,19134,56,F,internet,0,0,0,0,0,0,0,0,0,0,0,0,0
129,19168,39,F,internet,0,1,1,1,0,1,1,1,1,0,1,1,0
130,19285,41,F,internet,0,0,0,0,0,1,0,1,0,0,0,0,1
131,19339,50,F,internet,0,0,0,0,0,1,1,0,1,0,1,0,1
132,19421,59,F,internet,1,1,1,1,0,0,0,1,0,0,1,0,0
133,19423,34,F,internet,0,0,1,1,1,1,0,1,1,0,1,1,1
134,19476,58,F,internet,1,1,0,0,1,0,0,1,0,1,0,1,0
135,19536,47,F,internet,1,1,1,1,1,1,0,1,1,0,1,0,1
136,19945,46,M,internet,1,1,0,0,1,0,0,0,0,0,0,0,0
137,20051,43,F,internet,0,0,1,1,0,1,1,0,1,1,1,0,1
138,20192,32,M,internet,1,1,0,1,1,0,1,0,0,0,0,0,0
139,20238,34,F,internet,1,1,0,1,0,1,1,1,1,0,1,1,1
140,20254,38,F,internet,1,1,1,1,0,0,0,0,0,1,0,0,0
141,20271,38,F,internet,0,1,1,1,0,0,1,0,1,1,1,0,0
142,20418,33,F,internet,0,0,0,0,0,0,0,0,0,0,0,0,0
143,20458,32,F,internet,0,1,0,0,1,0,1,0,1,1,1,0,0
144,20701,49,F,internet,0,1,1,1,1,1,1,1,1,1,0,1,0
145,21162,47,F,internet,1,0,0,0,0,0,0,0,0,0,0,0,0
146,21496,44,M,internet,1,1,1,1,0,1,0,0,0,0,0,0,0
147,21542,33,M,internet,1,0,0,0,0,0,0,0,0,0,0,0,0
148,21582,15,M,internet,1,0,0,0,0,0,0,0,0,0,0,0,0
149,21634,8,F,internet,0,1,1,0,0,0,0,0,0,0,0,1,0
150,21647,34,F,internet,1,1,1,1,0,1,1,1,1,1,1,0,0
151,21850,41,F,internet,1,1,0,1,0,0,0,1,0,0,0,0,1
152,21916,35,F,internet,1,1,0,1,1,1,0,1,0,0,0,0,1
153,21929,9,F,internet,1,1,0,1,1,0,0,1,0,0,0,0,1
154,21941,7,M,internet,0,1,0,0,1,1,0,1,1,0,0,1,1
155,22096,32,F,internet,0,1,1,0,1,1,0,0,0,0,0,0,0
156,22264,62,F,internet,0,0,0,0,0,0,0,0,0,0,0,0,0
157,22457,38,F,internet,1,0,1,0,0,0,0,0,0,0,0,0,0
158,22539,45,F,internet,1,0,0,0,0,0,0,0,0,0,0,0,0
159,22696,40,F,internet,0,0,0,0,0,0,0,0,0,0,0,0,0
160,22867,36,F,internet,0,0,0,0,1,0,0,0,0,0,0,0,0
161,22929,39,M,internet,1,0,0,0,1,0,0,0,0,0,0,0,0
162,23473,36,F,internet,1,0,0,0,0,0,0,0,0,0,0,0,0
163,23635,36,F,internet,0,0,0,0,0,0,0,0,0,0,0,0,0
164,23667,40,F,internet,1,1,0,0,0,0,1,0,0,0,0,0,0
165,23675,34,F,internet,0,1,1,1,1,0,1,0,1,1,1,0,0
166,23687,27,F,internet,1,0,0,0,0,0,1,0,0,0,0,0,0
167,23884,30,F,internet,0,0,0,0,1,0,0,0,0,0,0,0,0
168,23972,44,F,paper,1,1,1,1,1,0,0,0,0,0,0,0,0
169,24143,48,F,internet,0,0,0,0,1,0,0,0,0,0,0,0,1
170,24172,56,M,paper,1,0,0,1,1,1,0,1,1,0,1,0,0
171,24184,23,F,internet,1,0,0,1,1,0,0,0,0,0,0,0,0
172,24203,28,F,internet,1,1,1,0,0,0,0,0,0,1,0,0,0
173,24238,29,F,internet,1,0,0,0,0,1,0,0,0,0,0,0,0
174,24416,30,M,internet,0,0,0,0,1,0,0,0,0,0,0,1,1
175,24485,69,F,paper,0,0,0,0,1,0,0,0,0,0,0,0,0
176,24567,38,F,internet,1,1,1,0,0,1,0,1,1,1,0,0,0
177,24642,38,F,internet,1,0,1,1,0,0,1,1,1,1,1,0,1
178,24746,42,F,internet,1,0,0,0,0,0,0,1,0,0,0,1,1
179,25016,60,M,paper,0,0,0,0,1,1,0,1,0,0,0,1,1
180,25029,60,M,paper,1,0,0,0,1,1,0,1,1,0,0,1,1
181,25122,76,F,paper,1,1,1,1,1,0,0,1,0,1,0,0,0
182,25127,43,F,internet,0,1,0,0,0,0,0,1,0,0,0,1,1
183,25152,62,F,paper,1,1,1,1,1,0,0,1,0,1,0,0,0
184,25187,45,M,internet,1,1,0,0,0,1,1,1,0,0,0,1,0
185,25279,46,F,paper,1,0,0,0,1,1,0,1,0,1,0,1,0
186,25295,43,F,paper,1,0,0,0,1,1,0,0,1,0,1,1,0
187,25349,51,F,paper,1,1,0,1,1,0,0,0,1,1,0,0,0
188,25399,42,F,paper,0,1,0,0,0,1,0,1,0,1,1,1,0
189,25411,40,M,paper,1,1,1,0,1,0,0,0,1,0,0,0,0
190,25435,75,M,paper,1,1,1,0,0,0,0,0,1,0,0,0,0
191,25461,74,F,paper,1,1,0,1,0,0,0,0,1,0,0,0,0
192,25479,11,F,paper,1,0,0,0,0,1,0,1,0,0,1,0,1
193,25496,25,F,paper,1,0,0,0,1,0,0,0,0,0,0,0,1
194,25552,24,M,paper,1,0,1,1,1,1,0,1,1,0,0,1,1
195,25556,21,M,internet,0,0,1,0,1,0,0,0,0,0,0,0,0
196,25594,52,F,internet,0,1,0,0,0,1,0,1,0,1,0,1,0
197,25689,39,M,paper,1,1,1,0,1,1,0,1,0,0,0,1,0
198,25714,39,F,paper,0,0,0,0,1,1,0,1,0,0,0,0,1
199,25727,47,M,paper,0,1,1,0,1,1,0,0,0,0,0,0,0
200,25747,34,F,paper,0,0,0,0,1,1,0,1,0,0,0,1,1
201,25773,64,M,paper,1,1,1,1,1,0,1,1,1,1,1,0,0
202,25842,40,F,internet,0,0,1,1,0,0,1,0,0,1,0,1,0
203,25991,36,F,internet,0,0,0,0,0,0,1,0,0,0,0,0,0
204,26029,44,F,internet,1,1,1,0,0,0,1,0,0,1,0,0,0
205,26386,46,F,internet,1,1,1,1,0,1,0,0,1,0,0,0,0
206,26472,40,F,internet,1,1,1,1,0,0,1,0,0,1,0,0,0
207,26800,32,F,internet,0,1,0,0,1,0,0,0,0,0,0,0,0
208,26833,28,M,internet,0,1,0,0,0,0,0,0,0,0,0,1,0
209,27060,29,F,internet,1,1,1,1,1,1,0,0,1,0,1,0,0
210,27331,41,F,internet,1,1,0,0,1,0,0,0,0,0,0,0,0
211,27703,34,M,internet,1,1,0,1,0,1,0,0,0,0,0,0,0
212,27740,45,M,internet,0,0,0,0,0,1,0,1,0,0,0,0,1
213,27839,59,F,paper,1,1,0,0,1,1,1,0,0,0,0,0,0
214,27856,42,F,paper,0,1,0,0,1,0,0,0,0,1,0,0,0
215,27865,34,F,internet,0,0,0,0,0,0,0,0,0,0,0,0,1
216,28070,54,F,paper,1,1,1,1,1,1,1,1,0,0,0,1,0
217,28087,38,F,paper,0,1,0,0,1,0,1,0,1,0,0,0,0
218,28094,73,F,paper,0,0,0,0,0,0,0,0,0,0,0,0,0
219,28107,53,F,paper,1,0,0,0,0,0,0,1,1,0,0,0,0
220,28124,45,F,paper,0,1,0,0,0,1,0,0,0,0,0,0,0
221,28225,33,F,internet,0,0,0,0,0,0,0,0,0,0,0,0,0
222,28254,42,F,internet,1,0,0,0,0,0,0,0,1,0,0,0,0
223,28386,41,M,internet,1,0,0,0,0,0,0,0,1,1,0,0,0
224,28398,28,F,internet,0,1,0,1,1,0,1,0,1,0,1,1,0
225,28684,72,F,internet,1,0,0,1,0,0,0,0,0,0,0,0,0
226,28768,31,F,internet,1,1,1,1,0,0,1,1,0,1,1,0,1
227,28893,53,F,internet,0,0,0,0,0,0,0,0,0,0,0,0,0
228,28957,66,F,internet,1,0,1,1,0,1,1,0,1,0,0,0,0
229,29017,43,F,internet,0,0,1,0,0,0,1,0,0,0,0,0,0
230,29500,62,F,internet,1,1,0,1,0,0,0,0,0,1,0,0,0
231,29646,44,M,internet,1,0,1,0,1,0,0,0,0,0,0,0,0
232,29747,62,M,internet,0,0,0,0,0,0,0,0,0,0,0,0,1
233,29785,50,F,internet,0,1,0,0,1,0,0,0,0,0,0,0,0
234,29790,37,F,internet,1,1,1,0,1,0,0,0,1,0,0,1,0
235,29959,40,F,internet,1,1,1,0,1,0,0,0,1,0,0,1,0
236,30010,10,F,internet,1,1,1,0,1,0,0,0,1,0,0,1,0
237,30026,8,M,internet,1,1,1,0,1,0,0,0,1,0,0,1,0
238,30039,38,M,internet,1,0,0,0,1,0,0,0,0,0,0,0,0
239,30111,38,M,internet,0,1,1,1,0,0,1,0,0,1,1,0,0
240,30373,8,F,internet,1,1,0,1,1,1,0,0,0,0,0,0,0
241,30409,5,M,internet,1,1,1,1,1,0,0,0,0,0,0,0,0
242,30663,34,M,internet,0,0,0,0,0,0,0,0,0,0,0,0,0
243,30669,32,F,internet,0,1,1,0,0,0,0,0,1,0,0,1,0
244,30729,32,F,internet,0,0,0,0,1,1,0,1,0,1,0,1,1
245,30770,48,F,internet,0,0,0,1,1,0,0,0,1,0,0,0,0
246,31520,45,M,internet,1,0,0,0,1,0,0,0,0,0,0,1,0
247,31717,58,M,internet,1,1,1,1,0,0,1,0,0,0,1,0,0
248,31972,53,F,internet,1,0,0,0,0,0,0,0,0,0,0,0,0
249,32142,22,F,internet,0,0,0,0,1,0,0,0,0,0,0,0,0
250,32163,33,M,internet,1,0,0,0,0,0,0,0,0,0,0,0,0
251,32183,20,F,internet,0,0,0,0,1,0,0,0,0,0,0,0,0
252,32247,28,F,internet,0,0,0,0,0,0,0,0,0,0,0,0,0
253,32443,39,M,internet,1,1,0,0,0,0,0,0,0,1,0,0,0
254,32745,45,F,internet,0,1,1,0,0,1,0,0,0,0,0,0,0
255,33037,30,F,internet,1,1,0,0,0,0,0,0,0,0,0,0,0
256,33313,43,M,internet,1,0,1,1,0,1,1,0,1,1,1,0,0
257,33368,27,M,internet,0,1,0,0,0,0,0,0,0,0,0,0,0
258,33390,33,F,internet,1,1,0,1,0,0,0,0,1,1,0,0,0
259,33392,37,F,internet,1,1,0,0,0,0,0,0,0,0,0,0,0
260,33608,40,F,internet,1,1,1,1,1,0,1,1,0,0,1,0,1
261,33828,32,F,internet,1,1,0,1,0,0,1,1,1,0,0,0,0
262,33843,8,F,internet,1,1,1,1,0,0,0,1,0,1,0,0,0
263,33855,28,M,internet,0,1,0,0,0,0,1,0,0,0,1,0,0
264,33868,41,F,internet,0,0,0,0,0,1,0,1,0,0,0,0,1
265,33963,57,F,internet,0,1,0,0,1,0,0,0,1,0,1,0,1
266,34070,31,F,internet,0,1,1,0,1,1,1,1,1,1,1,1,1
267,34088,7,F,internet,0,0,1,0,1,0,0,0,0,0,0,1,0
268,34097,33,F,internet,0,1,1,0,0,1,1,1,1,1,1,1,1
269,34109,4,F,internet,0,0,0,0,1,0,0,1,0,1,0,0,1
270,34145,12,M,internet,0,1,0,0,1,0,0,0,0,0,0,0,0
271,34249,38,F,internet,1,1,1,1,0,0,0,0,0,0,0,0,0
272,34347,38,F,internet,0,1,0,0,0,0,0,0,0,0,0,0,0
273,34480,65,M,internet,0,0,1,1,0,0,1,0,1,1,0,0,0
274,34562,14,F,internet,1,1,1,1,0,0,0,0,0,0,0,0,0
275,34581,38,F,internet,0,0,1,1,0,0,1,0,1,1,0,0,0
276,34606,43,F,internet,1,0,0,0,0,0,0,0,0,0,0,0,1
277,34625,41,M,internet,1,1,0,1,0,0,1,1,0,0,0,0,0
278,34641,36,M,internet,1,1,1,1,0,1,1,1,0,1,1,0,1
279,34664,13,F,internet,1,1,1,1,0,1,1,1,1,1,1,0,0
280,34686,10,M,internet,1,1,1,1,0,1,1,1,1,1,1,0,0
281,34707,3,F,internet,1,1,1,1,0,1,1,1,1,1,1,0,0
282,34724,2,M,internet,0,0,1,1,0,0,1,0,1,1,0,0,0
283,34731,11,F,internet,0,0,1,0,0,0,0,0,0,0,0,0,0
284,34789,10,M,internet,0,0,0,0,0,0,0,0,0,0,0,0,0
285,35160,43,F,internet,0,0,0,0,0,0,0,0,1,0,0,0,0
286,35245,58,M,internet,0,1,0,1,0,0,1,0,1,0,1,0,0
287,35307,32,F,internet,0,1,0,0,0,0,0,0,0,0,0,0,0
288,35417,32,F,internet,1,1,1,1,0,0,0,1,0,0,0,0,0
289,35474,30,F,internet,0,1,1,1,1,0,0,0,1,0,1,0,1
290,35558,67,F,internet,1,1,1,1,0,0,0,1,0,1,1,0,0
291,35731,31,F,internet,1,1,0,1,0,1,0,0,1,0,1,1,0
292,35803,32,F,internet,1,1,0,1,0,0,0,0,1,0,0,0,0
293,35840,25,M,internet,0,0,1,1,1,1,1,0,0,1,0,1,0
294,35903,46,F,internet,0,0,0,0,1,0,0,0,0,0,0,0,0
295,36604,31,F,internet,1,0,0,1,0,0,1,1,0,0,1,0,0
296,36606,34,F,internet,1,1,1,1,1,0,1,0,1,0,0,0,0
297,36628,35,F,internet,1,0,0,0,0,0,0,0,0,0,0,0,0
298,36650,36,F,internet,0,1,0,1,0,1,0,1,1,0,0,1,0
299,36689,28,F,internet,0,0,0,0,1,0,0,0,0,1,0,0,0
300,36714,35,F,internet,1,0,0,1,0,0,0,0,0,0,0,0,0
301,36755,46,F,internet,1,1,0,0,0,1,0,0,0,0,0,0,0
302,36843,40,F,internet,0,0,0,1,1,0,1,0,1,0,0,0,0
303,36952,36,F,internet,0,1,1,1,0,0,1,0,0,1,0,0,0
304,36988,36,M,internet,0,0,0,0,0,0,0,0,1,0,0,0,0
305,37018,21,M,internet,1,1,1,1,0,0,0,0,0,1,0,0,0
306,37043,26,F,internet,1,1,1,0,1,0,1,0,0,0,0,1,0
307,37087,37,F,internet,1,0,0,0,1,0,0,0,0,0,0,0,0
308,37217,40,F,internet,1,1,1,1,0,1,1,0,1,1,1,0,1
309,37241,31,F,internet,1,0,0,0,0,0,1,1,1,1,0,0,0
310,37381,32,F,internet,1,0,0,0,0,0,0,0,0,0,0,0,0
311,37412,40,F,internet,1,0,1,1,0,0,0,0,0,0,0,0,0
312,37430,8,M,internet,1,0,1,1,0,0,0,0,0,0,0,0,0
313,37440,13,M,internet,1,1,1,1,0,0,0,0,0,1,1,0,0
314,37532,30,F,internet,1,1,1,1,0,0,1,0,0,0,0,0,0
315,37545,27,F,internet,1,1,1,0,0,0,0,0,0,0,0,0,0
316,37560,27,M,internet,1,0,1,0,0,0,0,0,0,0,0,0,0
317,37646,30,F,internet,1,1,0,1,0,0,0,0,0,0,0,0,0
318,37688,32,M,internet,0,0,0,1,1,1,1,0,1,1,0,0,0
319,37937,43,F,internet,1,0,1,1,0,1,1,1,1,1,1,0,0
320,38033,8,F,internet,1,0,1,1,0,1,1,1,1,1,1,0,0
321,38050,6,F,internet,1,0,1,1,0,1,1,1,1,1,1,0,0
322,38071,39,M,internet,1,0,1,1,0,1,1,1,1,1,1,0,0
323,38098,67,F,internet,1,0,0,0,0,1,0,0,0,0,0,0,0
324,38161,52,M,internet,1,1,1,1,1,0,0,0,0,0,0,0,0
325,38225,28,F,internet,0,0,0,0,1,0,0,0,0,0,0,0,0
326,38310,23,F,internet,0,0,0,0,0,0,0,0,0,0,0,0,0
327,38872,60,M,internet,1,1,0,1,0,1,0,0,1,1,1,0,0
328,38924,27,F,internet,1,0,1,0,0,1,0,0,0,0,1,0,0
329,39014,67,M,internet,1,0,0,0,1,0,1,0,0,1,0,0,0
330,39200,40,F,internet,1,1,0,0,1,1,1,0,0,0,0,0,0
331,40098,34,F,internet,1,1,1,1,1,0,0,0,0,0,0,0,0
332,40165,35,M,internet,0,0,0,0,1,0,0,0,0,0,0,0,0
333,40506,29,M,internet,1,1,0,0,1,1,0,0,0,0,0,0,0
334,40526,33,M,internet,0,0,0,0,1,0,0,0,0,0,0,0,0
335,40615,44,M,internet,1,1,1,1,0,1,1,1,1,1,0,0,1
336,40678,47,F,paper,1,1,1,1,0,0,0,0,0,0,1,0,0
337,40689,33,F,paper,1,1,0,1,1,0,0,0,0,0,1,0,0
338,40696,39,F,paper,0,0,0,0,0,0,0,0,0,0,0,0,0
339,40703,52,F,internet,1,0,1,0,0,0,0,0,0,0,0,0,0
340,40764,60,F,paper,1,1,1,1,0,1,1,1,1,1,1,1,1
341,40784,37,M,internet,1,0,0,1,0,0,1,0,1,1,0,0,0
342,40788,54,F,paper,1,1,1,1,0,1,1,1,1,1,1,1,1
343,40851,8,M,internet,1,1,1,1,0,0,1,0,1,1,0,1,0
344,40872,59,F,internet,1,0,0,0,0,0,1,0,0,0,0,0,0
345,41000,44,F,internet,1,0,1,1,0,0,1,0,0,0,0,0,0
346,41014,50,M,internet,0,1,1,1,0,1,1,1,1,1,1,1,1
347,41169,2,M,internet,0,0,1,1,0,1,1,1,1,1,1,0,1
348,41260,42,M,internet,1,0,0,0,1,0,0,0,0,0,0,0,0
349,41301,68,M,paper,0,1,0,1,0,1,1,1,1,1,1,1,1
350,41320,40,F,internet,1,1,1,0,0,0,1,0,0,1,0,0,0
351,41351,72,F,paper,1,1,1,1,0,0,0,1,0,0,0,0,0
352,41459,37,M,internet,1,0,1,0,1,0,0,0,0,0,0,0,0
353,41502,47,M,internet,1,1,0,0,0,1,1,0,0,0,1,0,0
354,41530,27,F,paper,1,1,0,1,0,1,1,0,1,1,1,0,0
355,41555,67,M,paper,0,0,0,0,0,0,0,0,0,0,0,0,0
356,41660,42,F,internet,0,1,1,1,0,0,0,0,0,0,1,1,0
357,41664,33,M,internet,0,1,1,1,0,1,1,0,0,0,0,0,0
358,41738,31,F,internet,1,1,1,0,0,0,0,0,0,0,0,0,0
359,41810,37,F,internet,1,0,0,0,0,0,0,0,0,0,0,0,0
360,41888,43,M,internet,1,1,1,0,1,0,0,0,0,0,0,0,0
361,42018,54,M,paper,1,1,0,0,0,0,0,0,0,0,0,0,0
362,42046,52,M,paper,1,0,0,0,0,0,0,0,0,0,0,0,0
363,42134,40,M,paper,1,0,1,0,0,0,1,0,0,1,0,0,0
364,42156,47,F,paper,1,0,1,1,0,0,1,0,1,1,0,0,0
365,42169,70,F,paper,1,0,0,1,1,1,1,1,1,0,0,0,0
366,42189,24,M,paper,0,0,0,0,0,0,0,0,0,0,0,0,0
367,42196,61,M,paper,0,0,1,0,0,0,1,0,0,0,0,0,0
368,42208,11,F,internet,1,1,1,1,0,0,1,0,1,0,0,0,0
369,42216,41,M,paper,0,0,1,0,0,0,0,0,0,0,1,0,0
370,42238,71,F,paper,0,0,0,0,1,0,0,0,0,0,0,0,0
371,42417,54,M,internet,1,0,0,1,0,0,1,0,1,1,1,0,1
372,42639,42,F,internet,0,0,0,0,1,0,0,1,0,1,0,0,0
373,42760,53,M,paper,1,0,0,0,0,0,0,0,0,0,0,1,1
374,42766,41,F,paper,0,0,0,0,1,0,1,0,0,1,0,0,0
375,42795,68,F,paper,1,1,0,0,0,0,0,0,1,0,0,0,0
376,42853,39,F,paper,1,1,0,1,1,0,1,1,1,0,1,0,0
377,42870,11,F,paper,1,1,0,0,0,0,0,0,0,0,0,0,0
378,42877,39,M,paper,1,1,0,0,1,1,1,0,1,0,0,0,1
379,42884,59,M,paper,1,0,0,0,0,1,0,0,1,0,0,0,0
380,42894,26,F,paper,0,0,0,0,1,0,0,1,0,0,1,0,0
381,42904,43,F,paper,1,1,1,1,0,0,1,0,0,0,1,0,0
382,42916,40,F,paper,1,1,0,0,0,0,0,0,0,0,0,0,0
383,42921,60,M,paper,0,0,0,0,0,1,1,1,0,0,1,0,0
384,42934,52,M,paper,1,1,0,1,0,0,0,0,0,0,0,0,0
385,42946,59,F,paper,1,1,0,0,0,0,0,0,0,0,0,0,0
386,42952,47,M,paper,1,0,0,0,1,0,0,0,0,0,0,0,0
387,42972,38,F,paper,1,1,1,1,1,1,1,1,1,0,1,0,0
388,42979,32,M,paper,1,1,1,1,0,0,1,1,0,0,1,0,0
389,42993,36,F,paper,0,0,1,0,0,0,0,0,0,0,0,0,0
390,43004,40,M,paper,1,1,1,0,1,1,1,0,0,0,1,1,0
391,43734,39,M,internet,1,0,0,0,1,0,1,1,1,1,1,0,1
392,43778,11,F,internet,1,1,1,1,0,1,0,1,1,0,0,1,0
393,43804,6,M,internet,0,0,0,0,1,0,0,0,0,0,0,0,0
394,43812,53,F,internet,1,1,1,1,0,1,0,1,1,0,1,1,0
395,43818,38,F,internet,0,1,1,1,0,0,1,0,0,0,1,0,0
396,44117,26,F,internet,0,0,0,0,1,0,0,0,0,0,0,0,0
397,44159,23,F,internet,1,0,0,0,0,0,0,0,0,0,0,0,0
398,44242,38,F,internet,1,0,0,0,0,0,0,0,0,0,0,0,0
399,44266,39,M,internet,1,0,1,1,0,1,0,1,1,1,0,0,0
400,44268,40,M,internet,1,0,1,1,1,1,0,1,1,0,0,0,0
401,44337,10,M,internet,1,0,1,1,1,1,1,0,0,1,1,0,1
402,44454,40,M,internet,1,1,1,1,0,1,1,1,1,1,1,0,0
403,44798,46,M,internet,0,0,0,0,0,0,0,0,0,0,0,0,0
404,44912,38,F,internet,0,0,1,0,0,0,0,0,0,0,0,0,0
405,45228,38,F,internet,1,1,0,0,0,1,0,1,0,0,1,1,0
406,45403,30,F,internet,1,1,1,1,0,0,1,1,0,0,1,0,0
407,45525,40,F,internet,1,1,0,1,0,1,1,1,1,1,1,1,1
408,45589,40,F,internet,0,1,1,1,1,1,1,1,1,0,1,1,0
409,45625,41,M,internet,1,0,0,1,0,1,1,0,1,0,0,0,0
410,45745,45,M,internet,0,1,0,0,1,1,0,0,0,0,0,0,0
411,45899,39,F,internet,0,1,1,1,0,1,1,1,0,1,1,1,0
412,46240,17,M,internet,0,0,0,0,0,0,0,0,0,0,0,0,1
413,46722,34,M,internet,1,1,1,1,0,0,1,1,0,0,1,0,0
414,46783,31,F,internet,1,1,1,1,0,1,0,0,0,0,1,1,0
415,46810,38,F,internet,0,1,0,0,0,0,0,0,0,0,0,0,0
416,46873,61,M,internet,0,1,1,1,0,1,1,1,1,1,1,0,1
417,46950,31,F,internet,0,0,0,0,0,0,0,0,0,0,0,0,0
418,46969,67,F,internet,0,0,0,0,0,0,0,0,0,0,0,0,0
419,46971,27,F,internet,0,0,0,0,0,0,0,0,0,0,0,0,0
420,47163,24,F,internet,0,1,0,1,0,0,1,0,1,0,0,0,0
421,47437,24,F,internet,1,1,0,1,0,0,0,0,0,0,0,0,0
422,47514,26,F,internet,0,1,1,1,0,1,1,1,0,1,1,0,0
423,47670,23,M,internet,0,1,0,0,1,0,0,0,0,0,0,0,0
424,47742,33,F,internet,0,1,1,0,0,0,1,0,0,1,1,1,0
425,47753,38,F,internet,1,1,1,0,0,0,0,0,0,1,0,0,0
426,47780,38,M,internet,1,1,1,1,0,0,1,0,1,0,0,0,0
427,47849,36,F,internet,1,1,1,0,0,0,0,0,0,0,1,0,0
428,47859,39,M,internet,1,1,1,1,0,1,0,1,1,0,0,0,0
429,47985,39,F,internet,0,0,0,1,1,0,0,0,0,0,0,1,0
430,48013,22,F,internet,1,0,0,0,0,0,0,0,0,0,0,0,0
431,48230,27,F,internet,0,1,0,0,0,1,0,1,0,0,0,1,1
432,48263,55,M,internet,0,1,1,1,1,0,1,0,0,1,1,0,0
433,48299,28,M,internet,1,1,0,0,1,0,1,1,0,0,1,0,0
434,48383,50,F,internet,1,0,1,0,0,0,1,0,0,1,0,0,0
435,48404,31,M,internet,1,0,0,0,0,0,0,0,0,0,0,0,0
436,48407,41,F,internet,0,0,0,0,1,0,0,0,0,0,0,0,0
437,48521,40,F,internet,0,1,1,1,0,1,1,1,1,1,1,1,1
438,48523,33,F,internet,1,1,0,1,1,1,0,0,0,1,0,0,0
439,48627,42,F,internet,1,1,1,1,1,0,0,1,0,1,0,0,1
440,48656,61,F,internet,0,1,1,1,0,1,1,1,0,1,1,1,1
441,48828,41,F,internet,1,0,0,1,1,1,1,1,1,1,0,0,0
442,48876,48,M,internet,1,0,0,0,1,0,0,0,0,0,0,0,0
443,48890,8,F,internet,0,1,1,1,0,0,1,1,1,0,1,1,1
444,48908,37,F,internet,1,1,1,1,0,0,1,0,0,1,1,0,0
445,48994,36,F,internet,1,0,0,0,0,0,0,0,0,0,0,0,0
446,49020,2,M,internet,0,1,1,0,0,0,0,0,0,0,0,0,0
447,49288,30,F,internet,0,1,1,1,0,1,1,1,0,0,0,0,0
448,49598,35,F,internet,0,0,0,0,0,1,0,1,0,0,0,0,0
449,49625,40,F,internet,0,1,1,0,0,0,0,0,0,1,1,0,0
450,49756,35,F,internet,0,1,0,0,0,0,0,0,0,0,0,0,0
451,49772,33,F,internet,1,0,1,0,0,0,0,0,0,0,0,0,0
452,49855,39,F,internet,0,0,0,1,0,0,1,0,0,0,0,0,0
453,49971,29,F,internet,1,1,0,0,0,0,0,0,0,0,0,0,0
454,49979,37,F,internet,0,1,0,1,0,1,1,1,1,1,0,1,0
455,50123,39,F,internet,1,1,1,1,1,0,0,0,1,0,0,0,0
456,50230,37,M,internet,1,0,0,0,0,0,0,0,0,1,0,0,0
457,50271,41,M,internet,1,1,1,1,0,1,1,1,1,1,0,1,0
458,50405,32,F,internet,1,1,1,0,0,0,1,0,0,0,0,0,0
459,50441,40,F,internet,0,1,1,0,0,0,0,1,0,0,0,0,1
460,50477,19,M,internet,0,1,0,1,1,1,1,1,0,1,1,1,1
461,50517,38,F,internet,1,0,0,0,1,0,0,0,0,0,0,0,0
462,50546,46,M,internet,0,1,1,1,1,0,1,1,0,1,1,0,0
463,50561,42,M,internet,1,0,1,0,0,0,0,0,0,0,0,0,0
464,50566,37,F,internet,1,1,0,1,0,0,0,0,0,1,1,0,0
465,50609,31,F,internet,0,1,1,1,1,0,1,0,1,1,0,1,0
466,50744,68,F,paper,1,1,0,1,0,0,0,0,0,0,1,0,0
467,50746,30,F,internet,0,1,1,1,1,0,1,0,1,1,0,1,0
468,50766,75,F,paper,1,1,1,1,0,0,1,0,0,0,0,0,1
469,50854,36,F,internet,1,1,0,1,0,1,1,0,0,0,0,0,0
470,50898,33,M,internet,1,1,1,1,1,0,0,1,0,0,0,1,0
471,51434,35,F,internet,1,1,1,1,0,1,1,1,1,0,1,0,0
472,51549,49,F,internet,1,1,1,0,0,1,1,0,0,1,0,0,0
473,51579,63,M,internet,1,1,0,0,0,0,0,0,0,0,0,0,0
474,51680,38,F,internet,0,0,0,0,0,0,0,0,0,0,1,0,0
475,51781,57,F,internet,1,1,1,1,0,0,1,0,0,1,0,0,0
476,51897,31,F,internet,0,0,0,0,1,0,0,0,0,0,0,0,0
477,51941,24,F,internet,1,1,0,0,0,0,0,0,0,1,0,0,0
478,51992,32,F,internet,0,1,1,1,0,0,1,0,1,1,1,0,0
479,52206,28,M,internet,1,1,0,1,0,0,0,0,0,0,0,0,0
480,52344,38,F,internet,0,0,0,0,1,1,0,0,1,0,0,1,0
481,52377,57,M,internet,1,0,0,0,1,0,0,0,0,0,0,0,0
482,52504,64,M,internet,1,0,1,0,0,1,1,0,0,0,0,0,0
483,52548,70,F,paper,0,0,0,0,0,0,1,0,0,1,0,0,0
484,52651,30,F,internet,1,0,0,0,0,0,0,0,0,0,0,0,0
485,52909,53,M,internet,1,0,1,0,0,0,1,0,0,1,0,0,0
486,52978,35,M,internet,1,1,0,1,0,0,0,0,0,0,0,0,0
487,53113,35,M,internet,1,1,1,1,1,1,0,0,0,1,1,0,0
488,53173,30,F,internet,1,0,1,1,0,1,1,1,1,1,1,0,0
489,53235,37,M,internet,1,0,1,1,0,1,1,1,1,1,1,0,0
490,53417,9,F,internet,1,0,1,1,0,1,1,1,1,1,1,0,0
491,53479,6,F,internet,1,1,1,1,0,0,1,1,0,1,0,0,0
492,53588,41,F,internet,1,1,1,1,1,0,1,1,0,1,0,0,0
493,53625,11,F,internet,1,1,1,1,1,0,1,1,1,0,1,0,0
494,53702,37,F,internet,1,1,0,1,0,1,0,0,0,1,0,1,0
495,53840,43,F,internet,1,1,1,1,1,0,0,1,1,0,0,0,0
496,53945,33,F,internet,1,0,1,0,0,0,0,0,0,0,0,0,0
497,54097,34,F,internet,0,0,1,0,1,0,1,0,0,0,0,0,0
498,54176,68,F,internet,0,0,0,0,0,0,0,0,0,0,0,0,0
499,54184,23,F,internet,1,0,1,0,0,0,0,0,0,0,0,0,0
500,54190,60,F,internet,0,1,0,0,1,0,1,0,0,0,0,0,0
501,54239,24,F,internet,1,0,1,0,0,0,0,0,0,0,0,0,0
502,54277,64,M,internet,0,0,0,0,1,0,0,0,1,0,0,0,0
503,54286,39,F,internet,1,0,0,0,0,0,0,0,0,0,0,0,0
504,54468,35,F,internet,0,0,1,0,0,0,0,0,0,0,0,0,0
505,54482,38,F,internet,0,0,0,0,0,0,0,0,0,0,0,0,0
506,54531,58,F,internet,0,1,1,1,0,0,1,0,1,1,1,0,0
507,54725,36,F,internet,1,0,0,0,0,0,0,0,0,0,0,0,0
508,54843,35,F,internet,0,1,1,1,1,1,1,1,1,1,1,1,0
509,54933,50,F,internet,1,1,0,1,0,0,0,1,0,0,0,0,0
510,55095,31,F,internet,1,1,1,0,1,0,0,0,0,0,0,0,0
511,55148,54,M,internet,1,1,1,1,1,0,0,1,0,0,0,0,0
512,55156,32,M,internet,0,1,0,0,1,0,0,0,0,0,0,0,0
513,55170,32,F,internet,1,1,0,1,0,1,0,0,1,0,0,0,0
514,55195,40,F,internet,0,1,0,1,1,0,0,0,1,1,0,0,0
515,55376,23,F,internet,0,1,0,1,0,1,1,1,1,1,1,1,1
516,55442,33,F,internet,1,1,1,0,1,1,1,1,1,1,0,0,0
517,55676,39,F,internet,1,1,1,1,0,0,0,0,0,0,0,0,0
518,55734,67,M,internet,1,1,1,1,0,1,1,1,1,1,1,0,0
519,55752,35,F,internet,0,0,0,0,0,1,0,1,0,1,0,1,0
520,55782,33,F,internet,1,1,1,0,1,0,0,1,0,0,0,0,0
521,55896,41,F,internet,1,1,0,1,0,1,0,1,0,0,0,1,1
522,56157,36,F,internet,1,1,1,0,1,1,1,0,1,1,0,1,0
523,56257,18,F,internet,1,1,1,1,1,0,1,0,0,0,1,0,0
524,56266,38,M,internet,1,0,0,0,0,0,0,0,0,0,0,0,0
525,56432,48,M,internet,0,1,1,0,0,0,1,0,1,0,0,0,0
526,56495,42,F,internet,1,1,0,1,0,0,0,1,0,0,0,0,0
527,56526,32,F,internet,1,0,0,0,1,0,0,0,0,0,0,0,0
528,56671,43,F,internet,0,1,1,0,0,1,1,0,1,1,1,1,0
529,56734,55,M,paper,0,0,1,1,1,1,1,0,1,1,1,0,0
530,56760,19,F,paper,0,1,1,1,0,1,1,0,0,1,0,0,0
531,56787,45,F,paper,0,1,0,1,1,1,0,0,1,1,0,0,0
532,56798,68,M,internet,1,0,1,1,0,0,0,0,0,1,0,0,0
533,56826,33,M,paper,1,1,1,1,1,0,0,0,0,0,0,0,0
534,56966,44,F,paper,0,1,1,1,0,1,1,0,1,1,1,0,1
535,56995,21,M,paper,0,1,1,1,0,0,1,1,0,1,1,0,0
536,57018,28,F,paper,1,1,0,0,0,0,0,0,0,0,0,0,0
537,57056,8,M,internet,1,1,1,0,0,0,1,0,0,1,0,0,0
538,57065,33,F,internet,1,1,0,0,0,0,0,0,0,0,0,0,0
539,57069,31,M,internet,1,1,0,1,0,1,1,1,0,1,0,0,0
540,57101,35,F,paper,1,1,0,0,1,0,0,0,0,0,0,0,0
541,57109,2,F,internet,1,1,0,1,0,1,1,0,1,1,0,1,0
542,57125,52,M,paper,1,0,1,1,1,1,0,0,0,0,0,0,0
543,57145,49,F,paper,0,0,0,1,1,0,0,0,0,1,0,0,0
544,57170,30,F,paper,1,1,1,1,0,0,1,1,0,0,0,0,0
545,57195,31,M,paper,0,1,0,0,0,0,0,0,0,0,0,0,0
546,57329,6,F,paper,1,0,0,0,0,0,0,0,0,0,0,0,0
547,57512,41,F,internet,1,1,0,1,0,1,0,0,1,1,0,1,0
548,57563,40,F,internet,1,0,0,0,1,0,0,0,0,0,0,0,0
549,57609,9,F,internet,1,1,1,1,0,0,1,1,1,1,0,0,0
550,57944,18,M,internet,1,1,0,1,0,1,1,1,1,1,0,0,0
551,58003,12,M,internet,1,0,1,1,0,1,1,1,1,1,1,0,0
552,58173,19,F,internet,0,0,1,1,1,1,1,1,1,0,1,0,1
553,58377,34,M,internet,1,0,0,0,0,0,0,0,0,1,0,0,0
554,58428,50,F,internet,0,1,1,1,0,0,1,0,1,0,1,1,0
555,58468,46,M,internet,0,1,0,1,0,1,1,1,1,1,0,1,1
556,58540,39,F,internet,1,0,0,0,1,1,0,0,0,0,0,0,0
557,58544,18,M,internet,1,1,1,1,1,1,0,1,1,1,0,1,1
558,58659,8,M,internet,0,1,1,1,1,1,0,1,1,0,0,1,1
559,58697,38,F,internet,1,1,0,0,1,1,0,1,0,1,0,1,1
560,58726,6,F,internet,1,1,0,1,0,0,1,1,1,0,1,0,0
561,59170,37,F,internet,0,0,0,0,0,1,0,1,0,0,0,0,1
562,59205,18,F,internet,0,0,0,0,1,1,0,1,0,0,0,0,1
563,59299,55,M,internet,1,0,0,1,1,0,0,0,0,0,0,0,0
564,59494,53,F,internet,0,1,1,0,0,0,0,0,0,0,0,0,0
565,59558,33,F,internet,1,1,1,0,0,0,1,0,0,0,0,0,0
566,59665,37,F,internet,1,0,0,0,1,0,0,0,0,0,0,0,0
567,59778,42,F,internet,1,1,0,1,0,0,1,0,1,1,1,1,0
568,59925,47,M,internet,1,1,1,0,0,0,1,0,0,0,0,0,1
569,59931,6,F,internet,0,1,0,0,1,0,1,0,0,0,0,0,0
570,59968,28,M,internet,1,1,1,0,0,0,0,0,0,0,0,1,0
571,60230,34,F,internet,1,1,1,0,0,0,0,0,0,0,0,0,0
572,60291,35,M,internet,1,0,0,1,0,0,1,0,0,0,0,0,0
573,60359,48,F,internet,0,0,0,0,0,0,0,0,0,0,0,0,0
574,60394,43,F,internet,0,0,0,0,1,0,0,0,0,0,0,0,0
575,60441,13,M,internet,0,0,1,0,1,0,1,0,0,0,0,0,1
576,60652,37,F,internet,0,1,1,1,1,0,1,0,1,0,1,0,0
577,60775,27,F,internet,0,1,0,0,1,1,1,0,0,0,0,1,1
578,61422,52,F,internet,1,1,1,0,1,0,0,0,0,1,1,0,0
579,61497,36,F,internet,1,1,1,1,0,0,0,0,0,0,1,0,0
580,61622,59,F,internet,0,1,1,0,0,1,0,1,0,0,1,1,0
581,61636,33,F,internet,1,0,0,1,0,0,0,0,0,0,0,0,0
582,62073,42,M,internet,1,1,1,0,0,1,0,1,0,0,0,0,0
583,62124,62,M,internet,1,0,0,1,1,0,1,0,0,0,1,0,0
584,62193,44,F,internet,0,1,1,1,0,1,1,1,1,1,1,1,0
585,62221,47,M,internet,1,0,1,1,0,1,1,0,1,1,1,0,0
586,62283,14,M,internet,0,0,0,0,0,1,0,0,0,0,0,1,1
587,62686,42,F,internet,1,1,1,1,1,1,1,1,0,0,1,1,1
588,62853,15,M,internet,0,0,1,1,1,1,1,1,0,1,0,1,1
589,63040,45,F,internet,0,0,0,0,1,0,0,1,0,0,0,1,0
590,63051,47,M,internet,1,1,1,1,0,1,0,0,1,1,1,0,0
591,63128,36,F,internet,0,1,0,0,0,0,0,0,1,0,0,0,0
592,63391,9,M,internet,0,1,0,0,0,0,0,0,0,0,0,0,0
593,63437,4,F,internet,0,0,0,0,0,1,0,0,0,0,0,1,0
594,63632,48,F,internet,1,0,1,0,1,0,0,0,0,0,0,0,0
595,64104,44,M,internet,0,1,0,0,1,0,0,0,0,0,0,0,0
596,64154,27,F,internet,1,0,1,0,1,0,1,0,1,0,0,0,0
597,64291,61,M,paper,0,1,0,0,0,0,0,0,0,0,1,0,0
598,64355,34,M,internet,0,1,1,1,1,1,1,1,1,1,1,1,1
599,64502,33,F,internet,1,1,1,0,1,0,0,1,0,0,0,0,0
600,64662,41,M,internet,1,1,0,1,1,0,0,1,0,0,0,0,0
601,65074,22,F,internet,1,0,0,0,1,0,0,0,0,0,0,0,0
602,65192,32,F,internet,0,1,0,0,0,0,1,0,0,1,0,0,0
603,65366,45,M,internet,1,0,1,0,0,1,1,0,1,1,0,1,0
604,65373,19,M,internet,0,0,0,0,0,0,0,0,0,0,0,0,0
605,65514,68,F,paper,0,0,0,0,0,0,0,0,0,0,0,0,0
606,65582,71,F,paper,1,1,0,1,0,1,0,0,1,1,0,0,0
607,65771,38,F,internet,1,1,0,1,1,1,0,0,1,1,0,0,0
608,65919,11,F,internet,1,0,1,1,1,0,1,1,0,0,1,0,0
609,66046,42,M,internet,1,1,0,1,1,1,0,0,1,1,0,0,0
610,66108,7,M,internet,1,1,0,1,1,0,1,0,0,0,0,0,0
611,66874,35,F,internet,0,0,1,0,0,1,0,1,1,0,0,0,0
612,67030,39,F,internet,1,1,1,1,0,0,0,0,1,0,0,0,0
613,67194,35,F,internet,1,1,1,1,0,1,0,0,0,0,0,0,0
614,67206,30,M,internet,0,1,0,1,0,0,1,0,1,1,0,1,0
615,67244,77,M,paper,0,0,0,0,0,0,0,0,0,0,0,0,0
616,67270,43,M,paper,0,1,0,0,0,0,0,0,0,0,0,0,0
617,67573,46,F,internet,0,0,0,0,0,0,1,0,0,0,0,0,0
618,67670,39,F,internet,1,0,0,0,0,0,1,0,0,0,1,0,0
619,67775,26,F,internet,1,1,0,1,1,0,1,0,1,1,1,0,0
620,67794,34,F,internet,0,1,1,0,0,1,0,0,1,0,0,1,1
621,67846,72,M,internet,1,0,1,1,0,1,0,1,1,1,1,1,0
622,67856,43,F,internet,1,1,0,1,1,0,1,1,1,0,1,0,0
623,68699,41,F,internet,1,1,1,1,0,1,1,1,1,0,1,0,0
624,68767,11,F,internet,0,1,1,1,0,1,1,1,1,1,1,1,1
625,68914,38,F,internet,0,1,1,1,1,1,1,1,1,1,1,1,1
626,68927,37,M,internet,0,1,1,1,1,1,1,1,1,1,1,1,1
627,68961,12,F,internet,1,0,1,1,1,0,1,1,1,0,0,1,0
628,69005,59,F,internet,0,0,1,1,1,0,1,0,0,0,0,0,0
629,69043,44,F,internet,0,1,1,1,0,1,1,0,1,0,1,1,1
630,69044,9,F,internet,0,0,0,0,1,0,0,0,0,0,0,0,0
631,69426,45,F,internet,1,0,1,1,0,0,0,0,0,0,0,0,0
632,69717,36,M,internet,0,0,0,0,0,0,0,0,0,0,0,0,0
633,70194,41,M,internet,0,0,0,0,0,1,0,1,0,0,0,1,1
634,70210,42,F,internet,1,0,1,0,1,0,0,0,0,1,0,0,0
635,70273,67,F,internet,0,0,0,0,0,1,0,0,0,0,0,1,1
636,70281,13,F,internet,0,0,0,0,1,1,0,0,0,0,0,1,1
637,70322,42,M,internet,0,0,1,0,1,0,0,0,0,0,0,0,0
638,70337,40,F,internet,0,0,0,0,0,1,0,1,0,0,0,0,1
639,70367,9,M,internet,1,0,1,1,1,0,1,1,1,0,1,0,0
640,70520,43,F,internet,0,1,1,1,1,1,1,1,1,1,1,0,1
641,70542,34,F,internet,1,1,1,1,0,0,1,0,0,0,1,0,1
642,70685,36,F,internet,0,1,0,0,1,0,1,0,0,1,0,0,0
643,70777,37,F,internet,0,1,1,1,0,0,1,0,1,1,1,0,0
644,70870,35,F,internet,1,1,0,1,0,1,0,1,0,1,1,1,1
645,71720,36,M,internet,0,0,1,0,1,0,0,1,0,0,0,1,1
646,72139,69,F,internet,0,1,1,1,1,0,1,0,1,1,1,0,1
647,72174,41,F,internet,0,1,0,1,0,0,1,1,1,1,1,1,0
648,72220,15,F,internet,0,0,0,0,0,0,0,0,0,0,0,0,0
649,72230,30,F,internet,0,1,1,1,0,1,1,1,1,1,1,0,1
650,72257,13,F,internet,0,1,1,1,0,1,1,1,1,1,1,1,0
651,72281,8,F,internet,0,1,1,1,0,1,1,1,1,1,1,1,1
652,72298,6,M,internet,1,1,1,0,0,0,0,0,0,0,0,1,1
653,72302,70,F,internet,0,1,1,1,0,0,1,1,1,1,1,0,0
654,72431,48,F,internet,1,0,0,0,0,0,0,0,0,0,0,0,0
655,72572,44,F,internet,1,0,0,0,0,0,0,0,0,0,0,0,0
656,72595,11,F,internet,1,0,0,0,0,0,0,0,0,0,0,0,0
657,72621,8,F,internet,1,0,0,0,0,0,0,0,0,0,0,0,0
658,72730,38,F,internet,0,1,0,0,0,1,0,0,0,0,0,0,0
659,72929,36,F,internet,1,1,0,0,0,0,0,0,0,0,0,0,0
660,73754,37,F,internet,1,1,0,1,0,0,0,1,0,1,0,0,0
661,74034,61,F,internet,0,1,1,1,1,0,0,0,0,0,0,1,1
662,74054,28,F,internet,1,1,0,0,1,0,0,0,0,0,0,0,0
663,74123,69,M,internet,0,0,0,0,0,0,0,0,0,0,0,1,0
664,74321,82,M,internet,0,0,0,0,0,0,0,0,0,0,0,1,1
665,74528,71,F,internet,1,1,0,0,0,0,0,0,0,0,0,0,0
666,74600,29,M,internet,0,1,1,1,1,0,1,1,1,0,0,1,0
667,74627,33,F,internet,1,1,1,1,0,0,1,0,0,1,0,0,0
668,74940,83,F,internet,0,0,0,0,0,0,0,0,0,0,0,1,0
669,75126,32,F,internet,1,0,0,0,0,0,0,0,0,0,0,0,0
670,75165,31,F,internet,0,0,1,1,1,0,0,0,0,0,0,0,0
671,75570,44,M,internet,0,1,1,1,0,1,0,1,1,0,0,1,1
672,75623,10,M,internet,1,0,0,1,1,0,0,0,0,0,0,0,0
673,75624,66,F,internet,1,1,1,1,1,0,1,0,1,1,1,0,0
674,75671,43,M,internet,0,0,0,0,0,0,0,0,0,0,0,0,0
675,76086,62,M,internet,0,1,1,1,0,1,1,1,0,1,1,1,0
676,76596,35,F,internet,0,1,1,1,1,1,0,1,1,0,0,0,0
677,76685,49,M,internet,1,1,1,0,1,0,0,0,0,0,0,0,0
678,76967,42,F,internet,1,0,0,0,1,1,0,0,0,0,0,0,0
679,77273,35,M,internet,0,0,1,1,1,0,1,0,0,0,1,1,0
680,77485,57,F,internet,0,0,0,0,0,0,0,0,0,0,0,1,0
681,77530,43,M,internet,1,1,1,1,1,1,0,1,1,0,0,1,1
682,77929,5,M,internet,1,1,1,1,1,1,1,1,1,0,0,1,1
683,77945,7,M,internet,0,0,0,0,1,1,0,1,0,0,0,1,1
684,77954,61,F,internet,1,1,1,1,1,1,0,1,1,0,0,1,1
685,77958,41,F,internet,1,1,1,0,1,1,0,1,1,0,0,1,1
686,77961,38,M,internet,0,0,0,0,1,1,0,1,0,0,0,1,1
687,78076,62,M,internet,0,1,0,0,1,0,0,0,0,0,0,0,0
688,78288,40,F,internet,0,1,1,1,1,1,1,1,1,1,1,1,1
689,78407,38,F,internet,0,1,1,1,1,1,0,1,0,0,1,1,0
690,78899,32,F,internet,1,0,0,0,1,0,0,0,0,0,0,0,0
691,78939,41,F,internet,1,1,0,0,0,0,0,0,0,0,0,0,0
692,79051,31,M,internet,0,1,0,1,0,1,0,1,0,0,1,1,0
693,79367,36,F,internet,0,1,0,1,1,0,1,1,0,0,1,1,0
694,79434,8,F,internet,0,1,0,1,1,0,1,1,0,0,1,1,0
695,79534,2,F,internet,1,0,1,1,1,1,1,1,0,1,0,0,0
696,79563,66,M,internet,0,1,1,1,0,1,1,1,1,0,1,1,0
697,79610,27,F,internet,0,1,0,0,0,0,0,0,0,0,1,1,0
698,79689,60,F,internet,1,1,1,1,0,1,1,1,1,1,1,0,0
699,80027,42,M,internet,1,0,0,0,0,0,0,0,0,0,0,0,0
700,80282,40,F,internet,0,1,0,0,0,0,1,0,0,0,0,0,0
701,80695,50,F,internet,0,1,0,0,0,0,1,0,0,0,0,0,0
702,80757,21,M,internet,0,0,0,1,0,1,1,0,1,0,0,0,0
703,80837,23,M,internet,1,1,1,0,0,0,0,0,0,0,0,0,0
704,80857,35,F,internet,0,1,0,0,0,0,1,0,0,0,0,0,0
705,80958,52,M,internet,1,1,1,1,0,1,1,1,1,1,1,0,0
706,81211,37,F,internet,1,1,1,1,0,1,1,1,1,1,1,0,0
707,81381,7,M,internet,1,1,0,0,0,0,0,0,0,0,0,0,0
708,81430,38,F,internet,1,1,1,1,0,1,0,1,1,0,0,1,1
709,81498,9,F,internet,1,1,1,1,1,1,1,1,1,1,1,0,0
710,81506,10,M,internet,0,0,1,0,0,1,0,1,0,0,0,1,1
711,81743,38,F,internet,1,1,0,1,0,0,0,0,0,0,0,0,0
712,81946,24,F,internet,0,0,1,0,1,1,0,1,0,0,0,1,1
713,82196,69,F,internet,0,1,1,1,0,1,1,0,1,1,1,0,0
714,82539,36,M,internet,0,1,0,1,0,0,1,1,0,0,1,1,1
715,82690,41,F,internet,0,0,0,0,1,0,0,0,1,0,0,0,0
716,82996,44,M,internet,0,1,0,1,0,1,0,1,0,0,1,1,1
717,82998,6,M,internet,1,0,1,0,1,0,0,0,0,0,0,0,0
718,83319,24,F,internet,0,1,1,0,1,1,0,1,0,0,1,1,0
719,83447,5,F,internet,1,0,0,0,0,0,0,0,0,0,0,0,0
720,83767,40,M,internet,0,0,0,0,1,0,0,0,0,0,0,1,0
721,83915,39,M,internet,0,0,0,0,1,0,0,0,1,0,0,0,0
722,83950,64,F,internet,0,1,0,0,0,0,0,0,0,0,1,1,0
723,84498,61,M,internet,1,1,0,1,0,1,1,1,1,0,0,1,1
724,84635,38,M,internet,0,1,1,1,1,1,1,1,1,0,1,1,1
725,84700,67,F,internet,0,1,0,0,1,0,0,0,0,0,0,0,0
726,84714,29,F,internet,1,1,1,0,0,1,1,1,0,1,1,0,1
727,85329,48,F,internet,1,0,0,1,0,0,0,1,1,0,0,0,0
728,85396,6,M,internet,1,0,1,0,1,0,0,0,0,0,0,0,0
729,85654,43,M,internet,0,1,0,0,0,1,1,0,0,0,1,1,1
730,85899,43,M,internet,1,0,0,1,1,0,0,0,0,0,0,0,0
731,86190,46,F,internet,0,0,0,0,0,0,0,0,1,0,0,0,0
732,86461,81,M,internet,1,0,1,0,0,0,0,0,0,0,0,0,0
733,86478,43,F,internet,0,1,1,1,0,1,1,1,1,1,1,1,1
734,86556,38,F,internet,1,0,1,0,1,0,0,0,0,0,0,0,0
735,86576,11,M,internet,0,1,0,0,0,0,0,0,0,0,0,0,0
736,86618,39,F,internet,1,1,1,0,0,1,0,0,1,1,0,1,0
737,86646,38,F,internet,1,0,1,0,0,0,0,0,0,0,0,0,0
738,86684,14,F,internet,0,0,0,0,0,0,1,0,1,0,0,0,0
739,86781,68,F,internet,1,1,0,0,0,0,0,0,0,0,1,0,0
740,87105,35,M,internet,0,0,0,0,0,0,0,0,0,0,0,0,0
,,,,,,,,,0,,,,,,,,
